Node Number = 1528
Cell Number = 2900
       1        1      991      794        1
       2        1       82       63        2
       3       63      114        1        3
       4      331      991        1        4
       5        1      794       82        5
       6      114      331        1        6
       7      257      894      278        7
       8      257     1161      380        8
       9      380      980      257        9
      10      257      980      894       10
      11      657     1236      513       11
      12      372     1213        2       12
      13     1019     1196        2       13
      14        2     1213     1019       14
      15     1195     1246      258       15
      16      455      470      258       16
      17      470     1195      258       17
      18      804     1309      514       18
      19      514      971      804       19
      20      514     1128     1061       20
      21     1061     1262      514       21
      22      514     1309     1128       22
      23      514     1262      971       23
      24      770     1212      790       24
      25        3     1099      516       25
      26      516     1364        3       26
      27        3     1364      595       27
      28       91     1099        3       28
      29        3      141       91       29
      30        3      595      141       30
      31      259     1038      606       31
      32      606      672      259       32
      33     1341     1401      771       33
      34      771     1523     1380       34
      35     1027     1453     1059       35
      36     1283     1465     1343       36
      37       30       78        4       37
      38        4     1222       30       38
      39       78     1174        4       39
      40     1116     1222        4       40
      41      994     1116        4       41
      42        4     1174      994       42
      43      326      991      260       43
      44      260     1261      326       44
      45      331      441      260       45
      46      260      991      331       46
      47      260      441      397       47
      48      397     1261      260       48
      49      772     1364      969       49
      50        5     1088       22       50
      51       22     1020        5       51
      52      310     1143        5       52
      53        5     1020      310       53
      54      232     1088        5       54
      55        5     1143      232       55
      56      831     1333      261       56
      57      633     1026      261       57
      58      261     1333      633       58
      59      261     1026      411       59
      60      411      497      261       60
      61      497      831      261       61
      62     1131     1400     1029       62
      63        6     1157       35       63
      64       35     1452        6       64
      65        6     1452     1080       65
      66     1080     1483        6       66
      67      198     1157        6       67
      68        6     1483      198       68
      69      262     1212      770       69
      70      649     1209      262       70
      71      262      747      649       71
      72     1209     1212      262       72
      73      262      770      747       73
      74      518     1093     1090       74
      75      657     1037      518       75
      76      518     1090      657       76
      77     1145     1467     1030       77
      78       92      609        7       78
      79        7      757       92       79
      80        7     1191      616       80
      81      616      757        7       81
      82        7     1446     1191       82
      83        7      609      478       83
      84      478     1446        7       84
      85      263      861      834       85
      86      834      902      263       86
      87      263      902      446       87
      88      669     1084      519       88
      89      519      984      669       89
      90      519     1419      984       90
      91     1021     1419      519       91
      92     1247     1511     1031       92
      93        8      609      289       93
      94      289      931        8       94
      95        8      867      609       95
      96        8      931      621       96
      97      621      688        8       97
      98      237      867        8       98
      99        8      688      237       99
     100      901      912      264      100
     101      649      901      264      101
     102      264     1209      649      102
     103      726     1209      264      103
     104      866     1133      520      104
     105      520     1133      615      105
     106      776     1302      778      106
     107     1053     1367        9      107
     108        9      119       89      108
     109       89     1269        9      109
     110        9     1367      119      110
     111      634     1053        9      111
     112        9     1269      634      112
     113      770      790      265      113
     114      265      790      501      114
     115      501      969      265      115
     116     1132     1492      521      116
     117      947     1174      521      117
     118      521     1492      947      118
     119      802      865      777      119
     120     1036     1118       10      120
     121       10      824      541      121
     122       10      541      312      122
     123      312      571       10      123
     124      571     1036       10      124
     125      733      824       10      125
     126       10     1118      733      126
     127      266     1121      781      127
     128      659     1121      266      128
     129      266      694      659      129
     130      266     1350      694      130
     131      781     1226      522      131
     132      522     1226      789      132
     133      778     1302      883      133
     134      883     1450      778      134
     135     1450     1454      778      135
     136       13       71       11      136
     137       11      679       13      137
     138      317     1215       11      138
     139       11     1234      317      139
     140       71     1234       11      140
     141       11     1215      679      141
     142      267      334      315      142
     143      315      853      267      143
     144      267      343      334      144
     145      853     1410      267      145
     146      267     1015      343      146
     147      267     1410     1015      147
     148      908      976      779      148
     149      779     1232      908      149
     150      976     1481      779      150
     151       12     1376      852      151
     152       12      183      172      152
     153       12      852      183      153
     154      268     1092      827      154
     155      415     1410      268      155
     156      524     1051      566      156
     157      963     1052      524      157
     158      992     1051      524      158
     159      524     1052      992      159
     160      780     1361      845      160
     161     1050     1291     1036      161
     162     1036     1291     1118      162
     163       13      341       71      163
     164       13     1424      341      164
     165      679      970       13      165
     166      970     1424       13      166
     167      822      829      269      167
     168      269      877      822      168
     169      269     1190      877      169
     170      269     1473     1190      170
     171      525      943      866      171
     172      525     1320      943      172
     173     1121     1226      781      173
     174       50      677       14      174
     175       14     1009       50      175
     176       14     1102      676      176
     177      676      987       14      177
     178      677     1102       14      178
     179      987     1009       14      179
     180      270     1460      544      180
     181      813     1460      270      181
     182      389      813      270      182
     183      270     1251      389      183
     184      782     1201      796      184
     185       15      819      605      185
     186      605      635       15      186
     187       15      635      374      187
     188      374     1487       15      188
     189      405      819       15      189
     190       15     1487      405      190
     191      271      622      356      191
     192      356      972      271      192
     193      271     1134      622      193
     194      404     1134      271      194
     195      271      745      404      195
     196      271      972      745      196
     197       16     1277      515      197
     198       16      515      307      198
     199      307      444       16      199
     200       16     1223     1105      200
     201     1105     1277       16      201
     202      444     1223       16      202
     203      272      865      802      203
     204      382      865      272      204
     205      272     1014      382      205
     206      888     1517      528      206
     207      528     1517     1508      207
     208     1206     1334      784      208
     209     1230     1331      784      209
     210      784     1334     1230      210
     211     1380     1523     1296      211
     212     1296     1523     1445      212
     213      598      675       17      213
     214       17     1527      598      214
     215      604      642       17      215
     216       17      721      604      216
     217      642     1527       17      217
     218      675      721       17      218
     219     1039     1070      273      219
     220      273     1070      348      220
     221      348     1506      273      221
     222      273     1506      432      222
     223      432     1007      273      223
     224     1007     1039      273      224
     225     1124     1289      529      225
     226      529     1392     1124      226
     227      529     1441     1392      227
     228     1114     1362      785      228
     229     1041     1479     1362      229
     230     1041     1362     1114      230
     231     1114     1413     1041      231
     232      782      796       18      232
     233       18     1169      782      233
     234      381      704       18      234
     235       18      739      381      235
     236      704     1169       18      236
     237       18      796      739      237
     238      877     1190      274      238
     239      530      712      698      239
     240      698     1493      530      240
     241      858     1200      786      241
     242      894      980      786      242
     243      786     1252      894      243
     244     1200     1252      786      244
     245     1042     1363     1344      245
     246     1346     1363     1042      246
     247      621     1329       19      247
     248       19      671      621      248
     249       19      978      671      249
     250      466     1071       19      250
     251       19     1329      466      251
     252       19     1071      978      252
     253      546     1186      275      253
     254      275     1233      546      254
     255      678     1233      275      255
     256      531     1483     1080      256
     257      531      648      626      257
     258      531     1080      648      258
     259     1471     1483      531      259
     260       20     1510     1043      260
     261       20     1043      320      261
     262      320     1120       20      262
     263     1120     1503       20      263
     264       20     1503      620      264
     265      620     1510       20      265
     266      521     1174      276      266
     267      351      521      276      267
     268      276      408      351      268
     269      276     1344      408      269
     270      532     1110      820      270
     271      532      820      576      271
     272      532     1314     1110      272
     273     1044     1475     1299      273
     274       21      760      549      274
     275       21      549       53      275
     276       53      371       21      276
     277      371      868       21      277
     278       21      868      650      278
     279       21      650      454      279
     280      454      760       21      280
     281      279      294      277      281
     282      277      553      279      282
     283      294      917      277      283
     284      277     1458      553      284
     285      533      954      689      285
     286      689      730      533      286
     287      533     1141      954      287
     288      730     1007      533      288
     289      789     1226      915      289
     290       22     1422      527      290
     291      527     1020       22      291
     292       22     1088      561      292
     293      561     1422       22      293
     294      894     1047      278      294
     295      534      981      591      295
     296      641      981      534      296
     297      534      750      641      297
     298      534     1002      750      298
     299     1046     1297     1091      299
     300       23     1501     1050      300
     301      111     1183       23      301
     302       23      224      111      302
     303       23     1050      224      303
     304       23     1183      494      304
     305      494     1501       23      305
     306      279     1147      294      306
     307      596     1147      279      307
     308      279      553      368      308
     309      368      596      279      309
     310      703     1349      535      310
     311     1047     1373     1370      311
     312     1252     1373     1047      312
     313     1303     1437     1351      313
     314       24     1526     1332      314
     315       24     1332     1078      315
     316      876     1526       24      316
     317       24     1078      882      317
     318      742      876       24      318
     319       24      882      742      319
     320      280     1526      876      320
     321     1213     1526      280      321
     322      718     1300      280      322
     323      280      876      718      323
     324      280     1300      723      324
     325      723     1213      280      325
     326     1027     1059      536      326
     327     1059     1097      536      327
     328      792     1247     1031      328
     329      793     1247      792      329
     330     1048     1465     1283      330
     331     1048     1283     1184      331
     332       25     1396     1299      332
     333       25      893      706      333
     334      201     1396       25      334
     335       25      706      201      335
     336       25     1299      248      336
     337      248      893       25      337
     338      329     1135      281      338
     339      281      925      329      339
     340      281     1466      925      340
     341      281     1135      458      341
     342      458     1466      281      342
     343      537     1457      889      343
     344      889     1270      537      344
     345     1423     1457      537      345
     346      668     1000      537      346
     347      537     1270      668      347
     348     1000     1423      537      348
     349      793     1289     1124      349
     350     1124     1328      793      350
     351      793     1328     1247      351
     352     1058     1231     1049      352
     353     1231     1491     1049      353
     354       26     1426      896      354
     355      935      999       26      355
     356       26      896      443      356
     357      443      508       26      357
     358      999     1426       26      358
     359      508      935       26      359
     360      282     1217      919      360
     361      924      996      282      361
     362      996     1023      282      362
     363      282      919      506      363
     364      506      924      282      364
     365      538     1123      643      365
     366      722     1123      538      366
     367      538      754      722      367
     368      991     1223      794      368
     369       27      770      265      369
     370      265      969       27      370
     371      299      770       27      371
     372       27     1109      299      372
     373       27     1175     1109      373
     374      969     1175       27      374
     375      283     1368     1317      375
     376      283      890      308      376
     377      308      958      283      377
     378     1136     1368      283      378
     379      283     1317      890      379
     380      958     1136      283      380
     381      539      979      836      381
     382      795     1381     1063      382
     383     1063     1189      795      383
     384      795     1210     1069      384
     385     1189     1210      795      385
     386      293     1054       28      386
     387       28      918      293      387
     388       28     1522     1131      388
     389       28     1131      918      389
     390       28     1054      722      390
     391      722     1522       28      391
     392      815     1203      284      392
     393      284      958      308      393
     394      284     1203      958      394
     395      727      815      284      395
     396      540     1472      701      396
     397       29     1238     1045      397
     398       29     1181      295      398
     399      295     1238       29      399
     400       29     1045      129      400
     401      129      456       29      401
     402      456     1181       29      402
     403      285     1506      573      403
     404     1141     1506      285      404
     405      936     1141      285      405
     406      511      936      285      406
     407      824     1115      541      407
     408     1161     1497      797      408
     409     1012     1161      797      409
     410     1290     1367     1053      410
     411       30      188       78      411
     412      607     1368       30      412
     413       30     1222      607      413
     414       30     1368      188      414
     415      318      843      286      415
     416      286      719      318      416
     417      843     1518      286      417
     418      286     1518      926      418
     419      869     1231      798      419
     420     1360     1420     1310      420
     421       32      806       31      421
     422       31      442       32      422
     423      390      442       31      423
     424      524      566      287      424
     425      287      963      524      425
     426     1324     1440      287      426
     427      566     1324      287      427
     428      543     1101      544      428
     429      544     1460      543      429
     430     1321     1436      543      430
     431      832     1321      543      431
     432      543     1460      832      432
     433      543     1436     1101      433
     434     1055     1232     1137      434
     435       32     1521     1040      435
     436       32     1040      806      436
     437      862     1521       32      437
     438      442      862       32      438
     439      771     1401      288      439
     440      288     1523      771      440
     441      288     1453     1027      441
     442     1401     1453      288      442
     443     1101     1221      544      443
     444      544     1221     1220      444
     445      800     1518      843      445
     446      843     1270      800      446
     447      889      941      800      447
     448      800     1270      889      448
     449      790     1212       33      449
     450      350      790       33      450
     451       33      395      350      451
     452       33     1512      395      452
     453       33     1212     1198      453
     454     1198     1512       33      454
     455      542      849      289      455
     456      849      931      289      456
     457      545      988      893      457
     458      545     1326      988      458
     459       34     1350     1319      459
     460       34     1319      557      460
     461      557     1111       34      461
     462       34     1111       70      462
     463       70      694       34      463
     464      694     1350       34      464
     465      290     1241      774      465
     466      782     1169      290      466
     467      290      774      305      467
     468      305      782      290      468
     469     1169     1244      290      469
     470      290     1244     1241      470
     471      637     1186      546      471
     472      546      933      637      472
     473      686      933      546      473
     474      546     1233      686      474
     475       35     1306      897      475
     476       35      897      388      476
     477      388     1452       35      477
     478     1157     1306       35      478
     479     1045     1238      291      479
     480      299     1109      291      480
     481      291      406      299      481
     482      302     1045      291      482
     483      291     1109      302      483
     484      291     1238      406      484
     485     1085     1459      547      485
     486     1394     1472      803      486
     487      803     1513     1394      487
     488      803     1472      985      488
     489     1505     1513      803      489
     490     1059     1453     1082      490
     491      309      608       36      491
     492       36     1441      309      492
     493      608     1493       36      493
     494     1258     1441       36      494
     495       36     1493     1258      495
     496      885      899      292      496
     497      292     1278      885      497
     498      437     1295      292      498
     499      292      480      437      499
     500      292      899      480      500
     501      292     1295     1278      501
     502      548     1279      993      502
     503      751     1292      548      503
     504      548      993      751      504
     505      974     1309      804      505
     506       76       99       37      506
     507       37      511       76      507
     508       99     1248       37      508
     509       37      687      139      509
     510      139      511       37      510
     511       37     1248      687      511
     512      293     1391      560      512
     513      560      663      293      513
     514      918     1391      293      514
     515      663     1054      293      515
     516      549     1206      784      516
     517      549      784      695      517
     518      760     1206      549      518
     519     1320     1398      805      519
     520      943     1320      805      520
     521     1128     1484     1061      521
     522     1061     1484     1227      522
     523     1227     1262     1061      523
     524      791     1375       38      524
     525       38     1162      791      525
     526       38      979      539      526
     527      539     1239       38      527
     528       38     1443     1162      528
     529       38     1375      979      529
     530     1239     1443       38      530
     531      294     1147      344      531
     532      344      917      294      532
     533      550     1384      872      533
     534      550      872      630      534
     535      630     1006      550      535
     536      806     1040      937      536
     537     1029     1400       39      537
     538       39     1402     1304      538
     539       39     1304     1064      539
     540      859     1029       39      540
     541       39     1064      859      541
     542     1400     1402       39      542
     543      295      850      835      543
     544      835     1238      295      544
     545      699      872      551      545
     546      807     1057      815      546
     547      922     1081      807      547
     548       40      427      166      548
     549      166      951       40      549
     550       40      498      427      550
     551      951     1318       40      551
     552       40      512      498      552
     553       40     1318      512      553
     554     1066     1272      296      554
     555      296     1272      617      555
     556      393     1066      296      556
     557      296     1430      393      557
     558      665     1156      552      558
     559      552     1163      665      559
     560      957     1478      808      560
     561      355     1206       41      561
     562       41     1387      109      562
     563      109      182       41      563
     564      182      355       41      564
     565      760     1387       41      565
     566       41     1206      760      566
     567      965     1237      297      567
     568      464     1459      297      568
     569      297      746      464      569
     570      297     1237      746      570
     571      553     1458     1308      571
     572      553     1308     1176      572
     573     1065     1379     1298      573
     574     1298     1525     1065      574
     575     1117     1379     1065      575
     576     1379     1509       42      576
     577       42     1509      888      577
     578      642     1013       42      578
     579       42      888      491      579
     580      491      642       42      580
     581     1013     1379       42      581
     582      298     1152     1017      582
     583     1017     1473      298      583
     584     1049     1491      554      584
     585      554     1491      701      585
     586     1066     1374     1272      586
     587     1069     1287       43      587
     588       43      378       64      588
     589       64      681       43      589
     590       43     1287      378      590
     591      681     1069       43      591
     592      406      747      299      592
     593      747      770      299      593
     594     1188     1293      555      594
     595     1218     1276      555      595
     596      555     1293      768      596
     597      768     1218      555      597
     598       44     1340       81      598
     599       81      611       44      599
     600      634     1178       44      600
     601     1178     1340       44      601
     602       44      611      424      602
     603      424      634       44      603
     604     1305     1500      300      604
     605      300     1500      316      605
     606      614     1305      300      606
     607      556     1436     1321      607
     608      847     1284      556      608
     609      556     1321      847      609
     610       45     1325      152      610
     611      152     1202       45      611
     612       45     1442      670      612
     613     1202     1442       45      613
     614      234     1325       45      614
     615       45      670      234      615
     616      301     1418      851      616
     617     1374     1418      301      617
     618      913     1374      301      618
     619      301      851      447      619
     620      447      913      301      620
     621      557     1292      623      621
     622      623     1111      557      622
     623      944     1292      557      623
     624      557     1319      944      624
     625      832     1460      813      625
     626     1210     1287     1069      626
     627       46     1143      939      627
     628       46      939      434      628
     629      210     1143       46      629
     630       46     1243      210      630
     631       46      434      215      631
     632      215     1243       46      632
     633      302     1109      336      633
     634      336      765      302      634
     635      354     1045      302      635
     636      302      765      354      636
     637      558     1154     1130      637
     638      111     1044       47      638
     639       47     1183      111      639
     640      644     1183       47      640
     641       47      716      644      641
     642       47     1044      716      642
     643      303     1188      555      643
     644      555     1276      303      644
     645      339      740      303      645
     646      740     1188      303      646
     647      559     1227      942      647
     648     1057     1203      815      648
     649      554      701       48      649
     650       48     1487      554      650
     651     1394     1469       48      651
     652       48     1472     1394      652
     653      701     1472       48      653
     654     1469     1487       48      654
     655      534      591      304      655
     656      304     1002      534      656
     657      591     1009      304      657
     658      987     1477      304      658
     659      304     1009      987      659
     660      560     1391      844      660
     661      844     1482      560      661
     662      560      766      663      662
     663      560     1482      766      663
     664      816     1005      928      664
     665     1247     1328     1072      665
     666     1072     1511     1247      666
     667     1294     1430       49      667
     668     1048     1184       49      668
     669      143     1048       49      669
     670       49      731      143      670
     671     1184     1294       49      671
     672       49     1430      731      672
     673      774      949      305      673
     674      305     1201      782      674
     675      775     1422      561      675
     676      561      953      775      676
     677      561     1088      590      677
     678      590      953      561      678
     679      914     1499      817      679
     680      817     1250      914      680
     681      817     1499      927      681
     682     1339     1386     1073      682
     683       50      702      357      683
     684      357     1476       50      684
     685       50     1476      677      685
     686       50     1009      702      686
     687     1322     1347      306      687
     688      306     1421     1322      688
     689     1098     1421      306      689
     690      562     1185      758      690
     691      818     1214      947      691
     692      947     1492      818      692
     693      818     1492      998      693
     694     1074     1512     1257      694
     695       51     1313     1111      695
     696       51     1111      623      696
     697     1156     1313       51      697
     698       51      623      194      698
     699      194      242       51      699
     700      242     1156       51      700
     701      515     1383      307      701
     702      307     1383     1194      702
     703      307     1194      444      703
     704      563      854      772      704
     705      563     1330     1249      705
     706     1075     1515     1392      706
     707       52      878      327      707
     708       52     1173      858      708
     709       52      327      225      709
     710      225     1173       52      710
     711       52      858      253      711
     712      253      878       52      712
     713      308      890      819      713
     714     1166     1167      564      714
     715     1167     1230      564      715
     716     1230     1334      564      716
     717     1076     1524     1168      717
     718      549      695       53      718
     719       53      497      371      719
     720      695      831       53      720
     721       53      831      497      721
     722      309     1441      529      722
     723      599      608      309      723
     724      309      904      599      724
     725      309      529      366      725
     726      366      904      309      726
     727      565      802      777      727
     728      777     1371      565      728
     729      565     1056      802      729
     730      565     1371      594      730
     731      277      917       54      731
     732       54     1458      277      732
     733      917     1146       54      733
     734      788     1335      310      734
     735      310     1020      788      735
     736      310     1335      939      736
     737      939     1143      310      737
     738      822     1409      829      738
     739       55     1123     1054      739
     740       55      663      567      740
     741      567     1259       55      741
     742       55     1286     1123      742
     743       55     1054      663      743
     744     1259     1286       55      744
     745      574     1342      311      745
     746      311     1342      754      746
     747      567     1385     1142      747
     748     1142     1259      567      748
     749      663      766      567      749
     750      766     1385      567      750
     751     1033     1263      823      751
     752      905     1033      823      752
     753      823     1345      905      753
     754      773     1067       56      754
     755      228      773       56      755
     756       56     1488      228      756
     757      541     1326      312      757
     758      312     1326      545      758
     759      800      941      568      759
     760      568     1518      800      760
     761       57     1469     1394      761
     762     1394     1513       57      762
     763      403      727       57      763
     764       57     1513      403      764
     765      227     1469       57      765
     766       57      727      227      766
     767      313      925      528      767
     768      528     1508      313      768
     769      855      925      313      769
     770      313     1444      855      770
     771      313     1508     1444      771
     772     1096     1139      569      772
     773      592     1096      569      773
     774      569     1242      592      774
     775      569      982      857      775
     776      857     1242      569      776
     777      825     1151     1032      777
     778       58      850      295      778
     779      295     1181       58      779
     780       58     1106      850      780
     781       58     1268     1106      781
     782       58     1181      680      782
     783      680      735       58      783
     784      735     1268       58      784
     785      314      542      513      785
     786      314      849      542      786
     787      330      849      314      787
     788      314      360      330      788
     789      314      513      360      789
     790      570      965      921      790
     791      828     1416       59      791
     792       59      600      574      792
     793      107      828       59      793
     794       59      574      107      794
     795      439      600       59      795
     796       59     1416      439      796
     797      801      853      315      797
     798      547      801      315      798
     799      315      725      547      799
     800      334      725      315      800
     801     1339     1395     1386      801
     802       60      461      316      802
     803      316     1500       60      803
     804      327     1390       60      804
     805       60     1390      461      805
     806      225      327       60      806
     807       60     1500      225      807
     808      572     1214      583      808
     809      572     1461      840      809
     810     1277     1416      828      810
     811      559      942       61      811
     812       61     1201      305      812
     813      305      949       61      813
     814      942     1201       61      814
     815      185      559       61      815
     816       61      949      185      816
     817     1322     1421      317      817
     818      317     1421     1215      818
     819      463     1322      317      819
     820      317     1234      463      820
     821      573     1401     1341      821
     822      829     1409     1095      822
     823       62     1357      814      823
     824      814     1233       62      824
     825       62     1282     1126      825
     826     1126     1357       62      826
     827      678     1282       62      827
     828       62     1233      678      828
     829      359      445      318      829
     830      318      713      359      830
     831      445      843      318      831
     832      318      719      713      832
     833      600      729      574      833
     834      911     1108      830      834
     835      531      626       63      835
     836       63     1471      531      836
     837       82     1471       63      837
     838       63      626      114      838
     839     1090     1093      319      839
     840      429     1090      319      840
     841      319      652      429      841
     842      575     1122      636      842
     843      636      896      575      843
     844      896     1315      575      844
     845      738     1122      575      845
     846      575     1255      738      846
     847      575     1315     1255      847
     848      831     1429     1333      848
     849     1465     1486     1343      849
     850       64     1226     1121      850
     851      378      915       64      851
     852      915     1226       64      852
     853       64     1121      681      853
     854      870     1120      320      854
     855      820     1251      576      855
     856       65      840      530      856
     857      530     1493       65      857
     858      608      700       65      858
     859       65     1493      608      859
     860      104      840       65      860
     861       65      700      104      861
     862      321      965      570      862
     863      570      981      321      863
     864      641     1312      321      864
     865      321      981      641      865
     866      321     1237      965      866
     867      321     1312     1237      867
     868      577     1440     1348      868
     869      643     1286      577      869
     870     1432     1433      833      870
     871     1433     1442      833      871
     872      833     1442     1202      872
     873      948     1432      833      873
     874      835      850       66      874
     875      850     1192       66      875
     876      136      835       66      876
     877       66      901      136      877
     878      475      901       66      878
     879       66     1192      475      879
     880     1079     1159      322      880
     881      322     1402     1400      881
     882     1159     1216      322      882
     883     1216     1402      322      883
     884      737     1079      322      884
     885      322     1400      737      885
     886     1104     1173      578      886
     887      717      892      578      887
     888      755     1104      578      888
     889      578      892      755      889
     890      836      979      834      890
     891      834     1253      836      891
     892      861     1253      834      892
     893      834      979      902      893
     894      272      802       67      894
     895       67     1014      272      895
     896      802     1056       67      896
     897       67     1056      895      897
     898      146     1365       67      898
     899       67      895      146      899
     900       67     1365     1014      900
     901      323     1057      807      901
     902      807     1081      323      902
     903      323     1081      761      903
     904      761     1202      323      904
     905      776      778      579      905
     906      778     1454      579      906
     907      579     1454      816      907
     908     1065     1525       68      908
     909      155     1065       68      909
     910       68      999      155      910
     911      989     1426       68      911
     912       68     1525      989      912
     913       68     1426      999      913
     914      530      840      324      914
     915      324      712      530      915
     916      840     1461      324      916
     917      324     1207      660      917
     918      660      712      324      918
     919      324     1461     1207      919
     920       69     1291     1050      920
     921     1050     1501       69      921
     922     1265     1291       69      922
     923      325      888      528      923
     924      528      925      325      924
     925      325     1466     1389      925
     926      925     1466      325      926
     927      325     1389      491      927
     928      491      888      325      928
     929     1032     1151      581      929
     930      837     1411      923      930
     931     1216     1411      837      931
     932       70     1313      830      932
     933      830     1108       70      933
     934     1111     1313       70      934
     935       70     1108      694      935
     936      326     1235      961      936
     937      961      991      326      937
     938      326     1377     1235      938
     939     1261     1377      326      939
     940      582     1084     1025      940
     941      689     1084      582      941
     942      582      730      689      942
     943      582      897      730      943
     944      838      932      900      944
     945      838     1404      932      945
     946      341      401       71      946
     947      401     1234       71      947
     948      878     1011      327      948
     949      327     1463     1390      949
     950     1011     1463      327      950
     951      583     1214      818      951
     952      583      818      601      952
     953      601     1160      583      953
     954      842     1481      839      954
     955      839     1481      976      955
     956      263      446       72      956
     957       72     1519      263      957
     958       72     1317      607      958
     959      607     1519       72      959
     960      440     1317       72      960
     961       72      446      440      961
     962      328      484      391      962
     963      715     1323      328      963
     964      584     1450      883      964
     965      584     1018      753      965
     966       73     1475      111      966
     967      111      224       73      967
     968       73      571      138      968
     969      138     1475       73      969
     970      224      571       73      970
     971      329      925      855      971
     972      855     1464      329      972
     973      329     1438     1135      973
     974      329     1464     1438      974
     975     1249     1330      841      975
     976     1282     1369       74      976
     977     1126     1282       74      977
     978       74     1369      920      978
     979      434     1126       74      979
     980       74      920      215      980
     981      215      434       74      981
     982      774     1241      330      982
     983      330      990      849      983
     984      360      774      330      984
     985      330     1241      990      985
     986      881     1327      586      986
     987      679     1215       75      987
     988      452      679       75      988
     989       75      767      452      989
     990      250     1062       75      990
     991       75     1215      250      991
     992       75     1062      767      992
     993      331     1150      441      993
     994      587      712      660      994
     995      660     1507      587      995
     996      587      955      934      996
     997      934     1010      587      997
     998      587     1507      955      998
     999      587     1010      712      999
    1000      285      573       76     1000
    1001       76      511      285     1001
    1002      573     1341       76     1002
    1003       76     1341       99     1003
    1004      332     1345     1304     1004
    1005     1304     1402      332     1005
    1006      332     1352     1345     1006
    1007      332     1402      436     1007
    1008      436      492      332     1008
    1009      492     1352      332     1009
    1010      588      842      839     1010
    1011     1004     1482      844     1011
    1012      844     1391     1273     1012
    1013     1107     1412     1100     1013
    1014     1100     1480     1107     1014
    1015     1100     1504     1480     1015
    1016     1191     1446       77     1016
    1017      711     1191       77     1017
    1018       77     1087      240     1018
    1019      240      711       77     1019
    1020      496     1087       77     1020
    1021       77     1446      496     1021
    1022      333      957      808     1022
    1023      333     1489     1399     1023
    1024     1085     1353      589     1024
    1025      845     1361     1298     1025
    1026     1298     1379      845     1026
    1027      845     1379     1013     1027
    1028       78     1344      276     1028
    1029      276     1174       78     1029
    1030      188     1344       78     1030
    1031      343     1115      334     1031
    1032      334     1115      352     1032
    1033      352      725      334     1033
    1034     1358     1483     1471     1034
    1035       79     1404      838     1035
    1036      838      945       79     1036
    1037      638     1404       79     1037
    1038       79     1204      638     1038
    1039       79      945      697     1039
    1040      697     1204       79     1040
    1041     1311     1428      335     1041
    1042      335     1303     1274     1042
    1043     1274     1311      335     1043
    1044      702     1009      591     1044
    1045      847     1415     1284     1045
    1046     1034     1144      847     1046
    1047     1144     1415      847     1047
    1048       80      811      570     1048
    1049      570      921       80     1049
    1050      394      811       80     1050
    1051       80      946      394     1051
    1052      921     1153       80     1052
    1053       80     1153      946     1053
    1054     1109     1175      336     1054
    1055      625     1290      336     1055
    1056      336     1175      625     1056
    1057      336     1290      765     1057
    1058      592     1242      618     1058
    1059      848     1310      887     1059
    1060     1267     1310      848     1060
    1061      848     1369     1267     1061
    1062       81     1001      611     1062
    1063       81     1340      161     1063
    1064      161      505       81     1064
    1065      505     1001       81     1065
    1066      584      883      337     1066
    1067      337     1018      584     1067
    1068      883      962      337     1068
    1069      593      675      632     1069
    1070      849      990      931     1070
    1071     1105     1416     1277     1071
    1072     1148     1471       82     1072
    1073       82      794      444     1073
    1074      444     1148       82     1074
    1075      338     1456     1340     1075
    1076     1431     1456      338     1076
    1077      338     1340     1178     1077
    1078     1178     1528      338     1078
    1079      923     1431      338     1079
    1080      338     1528      923     1080
    1081      855     1444      594     1081
    1082      594     1449      855     1082
    1083     1371     1449      594     1083
    1084     1106     1192      850     1084
    1085     1106     1268     1192     1085
    1086       83      842      588     1086
    1087      364      842       83     1087
    1088       83      373      364     1088
    1089      593      632      339     1089
    1090      632     1149      339     1090
    1091      595     1364      772     1091
    1092      772      854      595     1092
    1093      851     1083     1026     1093
    1094     1198     1412     1107     1094
    1095     1107     1512     1198     1095
    1096     1107     1480     1257     1096
    1097     1257     1512     1107     1097
    1098       84     1439      796     1098
    1099      796     1201       84     1099
    1100       84     1201      942     1100
    1101      942     1484       84     1101
    1102     1225     1439       84     1102
    1103       84     1484     1225     1103
    1104      340     1219      821     1104
    1105      340     1405     1219     1105
    1106      929      955      596     1106
    1107     1376     1502      852     1107
    1108      852     1478      957     1108
    1109      964     1478      852     1109
    1110      852     1502      964     1110
    1111      269      829       85     1111
    1112       85     1473      269     1112
    1113      298     1473       85     1113
    1114      247      298       85     1114
    1115       85      829      247     1115
    1116      805     1398      341     1116
    1117      341     1398      401     1117
    1118     1038     1451      597     1118
    1119      606     1038      597     1119
    1120      597     1232      606     1120
    1121     1137     1232      597     1121
    1122      398      658       86     1122
    1123       86      480      398     1123
    1124      658     1454       86     1124
    1125       86     1454     1450     1125
    1126       86     1450      472     1126
    1127      472      480       86     1127
    1128     1140     1207      342     1128
    1129      674      787      342     1129
    1130      342     1307      674     1130
    1131     1207     1307      342     1131
    1132      598     1527     1389     1132
    1133      632      675      598     1133
    1134      598     1389     1266     1134
    1135     1314     1476     1110     1135
    1136     1337     1393       87     1136
    1137       99      396       87     1137
    1138       87     1248       99     1138
    1139      396     1337       87     1139
    1140       87     1393     1248     1140
    1141      343     1015      409     1141
    1142      599      700      608     1142
    1143      904     1035      599     1143
    1144     1449     1464      855     1144
    1145       88     1383      515     1145
    1146       88      661      158     1146
    1147      158      418       88     1147
    1148       88      515      417     1148
    1149      417      661       88     1149
    1150      418     1383       88     1150
    1151      344     1134      812     1151
    1152      600      945      838     1152
    1153      600      838      729     1153
    1154      119     1099       89     1154
    1155       89     1285     1269     1155
    1156      759     1285       89     1156
    1157       89     1099      759     1157
    1158      589     1353      345     1158
    1159      345     1494      589     1159
    1160     1168     1524      345     1160
    1161      345     1353      956     1161
    1162      956     1168      345     1162
    1163      345     1524     1494     1163
    1164      818      998      601     1164
    1165      601     1210     1160     1165
    1166      601     1287     1210     1166
    1167      998     1287      601     1167
    1168     1103     1242      857     1168
    1169     1336     1372     1113     1169
    1170      613     1098       90     1170
    1171      153     1025       90     1171
    1172       90     1098      153     1172
    1173       90     1025      669     1173
    1174      669      984       90     1174
    1175      168      613       90     1175
    1176       90      984      168     1176
    1177      671     1172      346     1177
    1178      346      688      671     1178
    1179      696     1127      346     1179
    1180      346     1172      696     1180
    1181      346     1127      507     1181
    1182     1033     1516      602     1182
    1183      924     1033      602     1183
    1184      602      996      924     1184
    1185      602     1028      996     1185
    1186      858     1173     1104     1186
    1187     1104     1200      858     1187
    1188     1150     1413     1114     1188
    1189      141      654       91     1189
    1190      654      938       91     1190
    1191      938     1099       91     1191
    1192      347     1168      956     1192
    1193      956     1264      347     1193
    1194      705     1168      347     1194
    1195      347      983      705     1195
    1196      347     1354      983     1196
    1197     1264     1354      347     1197
    1198      792     1031      603     1198
    1199      603     1031      799     1199
    1200      799     1130      603     1200
    1201      859     1273     1029     1201
    1202     1064     1155      859     1202
    1203     1155     1281      859     1203
    1204      859     1281     1273     1204
    1205       92      542      289     1205
    1206      289      609       92     1206
    1207      383      542       92     1207
    1208       92      757      383     1208
    1209     1070     1406      348     1209
    1210      348     1406     1082     1210
    1211      860     1417     1046     1211
    1212      860     1520     1417     1212
    1213      860     1046      910     1213
    1214      910     1010      860     1214
    1215      860     1010      934     1215
    1216      110     1386       93     1216
    1217       93     1138      110     1217
    1218       93     1315      989     1218
    1219      989     1138       93     1219
    1220     1255     1315       93     1220
    1221       93     1386     1255     1221
    1222     1284     1415      349     1222
    1223      349     1524     1076     1223
    1224     1415     1524      349     1224
    1225      819      890      605     1225
    1226      605      975      635     1226
    1227      861     1035      904     1227
    1228      904     1253      861     1228
    1229     1117     1509     1379     1229
    1230      581     1151       94     1230
    1231     1151     1197       94     1231
    1232      132      581       94     1232
    1233       94      159      132     1233
    1234       94     1197      670     1234
    1235       94      670      159     1235
    1236      350     1330      563     1236
    1237      395     1330      350     1237
    1238      501      790      350     1238
    1239      350      563      501     1239
    1240      606     1232      779     1240
    1241      606      779      672     1241
    1242     1327     1521      862     1242
    1243     1291     1354     1118     1243
    1244     1118     1354     1264     1244
    1245       95     1152      298     1245
    1246      133      879       95     1246
    1247       95      247      133     1247
    1248       95      879      243     1248
    1249      243     1152       95     1249
    1250       95      298      247     1250
    1251      351     1132      521     1251
    1252      408      825      351     1252
    1253     1317     1368      607     1253
    1254     1222     1519      607     1254
    1255      863     1432      884     1255
    1256      863     1433     1432     1256
    1257      863     1393      973     1257
    1258      973     1433      863     1258
    1259     1119     1167     1166     1259
    1260     1119     1177     1167     1260
    1261     1119     1496     1177     1261
    1262      856      938       96     1262
    1263       96     1516      856     1263
    1264       96     1028      602     1264
    1265      602     1516       96     1265
    1266      654     1028       96     1266
    1267       96      938      654     1267
    1268      352     1115      824     1268
    1269      423      725      352     1269
    1270      352      734      423     1270
    1271      352      824      733     1271
    1272      733      734      352     1272
    1273      972     1003      864     1273
    1274      864     1003      986     1274
    1275       97     1155     1064     1275
    1276      586     1356       97     1276
    1277       97      881      586     1277
    1278       97     1064      631     1278
    1279      631      881       97     1279
    1280       97     1356     1155     1280
    1281      353     1359      922     1281
    1282      353     1505      950     1282
    1283      950     1024      353     1283
    1284     1024     1359      353     1284
    1285       98     1068     1056     1285
    1286       98     1508     1068     1286
    1287       98     1056      565     1287
    1288      565      594       98     1288
    1289      594     1444       98     1289
    1290     1444     1508       98     1290
    1291      354      974      804     1291
    1292      765      974      354     1292
    1293      610     1313     1156     1293
    1294      610     1156      665     1294
    1295      752     1313      610     1295
    1296      943     1133      866     1296
    1297       99     1341      396     1297
    1298      364     1334      355     1298
    1299      355      842      364     1299
    1300      355     1334     1206     1300
    1301      867     1240     1170     1301
    1302     1035     1116      100     1302
    1303      599     1035      100     1303
    1304      100      700      599     1304
    1305      100     1407      700     1305
    1306      100     1116      994     1306
    1307      994     1407      100     1307
    1308      787     1365      356     1308
    1309      797     1497      612     1309
    1310      612     1006      630     1310
    1311      612     1497     1006     1311
    1312     1124     1515     1328     1312
    1313     1392     1515     1124     1313
    1314      101      748      585     1314
    1315      857      982      101     1315
    1316      101      585      370     1316
    1317      370      724      101     1317
    1318      724      857      101     1318
    1319      101      982      748     1319
    1320     1110     1476      357     1320
    1321      357      702      462     1321
    1322      462      741      357     1322
    1323      741     1110      357     1323
    1324      827     1062      613     1324
    1325      869     1491     1231     1325
    1326      550     1006      102     1326
    1327     1338     1462      102     1327
    1328      102     1462      709     1328
    1329      486      550      102     1329
    1330      102      709      486     1330
    1331     1006     1338      102     1331
    1332     1102     1182      358     1332
    1333     1073     1305      614     1333
    1334      647     1073      614     1334
    1335      870     1058     1049     1335
    1336     1059     1082      103     1336
    1337      103     1097     1059     1337
    1338     1082     1406      103     1338
    1339      244     1097      103     1339
    1340      103     1406      244     1340
    1341      359     1112      909     1341
    1342      359      909      445     1342
    1343     1133     1229      615     1343
    1344      615     1477      676     1344
    1345     1229     1477      615     1345
    1346      951     1060      871     1346
    1347      871     1318      951     1347
    1348      572      840      104     1348
    1349      104     1214      572     1349
    1350      700     1407      104     1350
    1351      104     1407     1214     1351
    1352      513     1236      360     1352
    1353      360      949      774     1353
    1354      810      949      360     1354
    1355      360     1236      810     1355
    1356      616     1498     1037     1356
    1357     1191     1448      616     1357
    1358     1448     1498      616     1358
    1359      616     1037      757     1359
    1360     1225     1484     1128     1360
    1361      105      922      807     1361
    1362      353      922      105     1362
    1363      105     1505      353     1363
    1364      105      807      403     1364
    1365      403     1513      105     1365
    1366      105     1513     1505     1366
    1367      361      941      889     1367
    1368      889     1457      361     1368
    1369     1457     1496      361     1369
    1370     1351     1358      873     1370
    1371      873     1358     1148     1371
    1372     1148     1194      873     1372
    1373      873     1194     1180     1373
    1374     1180     1274      873     1374
    1375     1274     1351      873     1375
    1376      106     1151      825     1376
    1377      106     1197     1151     1377
    1378      106      825      408     1378
    1379      408     1363      106     1379
    1380      106     1363     1197     1380
    1381     1319     1350      362     1381
    1382      449      536      362     1382
    1383      618     1242     1103     1383
    1384     1039     1306      874     1384
    1385      874     1306     1157     1385
    1386     1157     1437      874     1386
    1387      107      574      311     1387
    1388      311     1485      107     1388
    1389      639      828      107     1389
    1390      107     1485      639     1390
    1391      626      648      363     1391
    1392      648     1016      363     1392
    1393      363      728      720     1393
    1394      363     1016      728     1394
    1395      619     1465     1048     1395
    1396      875     1502     1376     1396
    1397      108      259      109     1397
    1398      109     1387      108     1398
    1399      108     1387      887     1399
    1400      887     1420      108     1400
    1401      149      259      108     1401
    1402      108     1420      149     1402
    1403      564     1334      364     1403
    1404      373      564      364     1404
    1405      620     1375      791     1405
    1406      791     1510      620     1406
    1407      259      672      109     1407
    1408      109      672      182     1408
    1409      365     1482     1293     1409
    1410      365     1293     1188     1410
    1411      995     1385      365     1411
    1412      365     1188      995     1412
    1413      365     1385      766     1413
    1414      766     1482      365     1414
    1415      671      688      621     1415
    1416      931     1329      621     1416
    1417     1073     1386      110     1417
    1418      110     1138      892     1418
    1419      717     1073      110     1419
    1420      110      892      717     1420
    1421      529     1289      366     1421
    1422      366     1253      904     1422
    1423      366     1289     1253     1423
    1424      878     1205     1077     1424
    1425      878     1077     1011     1425
    1426      111     1475     1044     1426
    1427      523      527      367     1427
    1428      527     1422      367     1428
    1429      742      882      367     1429
    1430      367     1422      742     1430
    1431      623     1292      751     1431
    1432      879     1511     1072     1432
    1433      112     1108      911     1433
    1434      145     1069      112     1434
    1435      112      911      145     1435
    1436      659     1108      112     1436
    1437      112      681      659     1437
    1438      112     1069      681     1438
    1439      553     1176      368     1439
    1440      368      929      596     1440
    1441      368     1176      387     1441
    1442      387      929      368     1442
    1443     1135     1438      624     1443
    1444      624     1051      992     1444
    1445      880     1152      940     1445
    1446      940     1254      880     1446
    1447      880     1323     1017     1447
    1448     1017     1152      880     1448
    1449      113      678      275     1449
    1450      113     1360     1310     1450
    1451      113      275      117     1451
    1452      117     1360      113     1452
    1453      113     1267      678     1453
    1454      113     1310     1267     1454
    1455      816      928      369     1455
    1456      579      816      369     1456
    1457      369     1356      586     1457
    1458      928     1356      369     1458
    1459      487      579      369     1459
    1460      369      586      487     1460
    1461      625     1367     1290     1461
    1462     1158     1367      625     1462
    1463      114     1150      331     1463
    1464      114      626      126     1464
    1465      126     1150      114     1465
    1466      370      585      477     1466
    1467      893      988      115     1467
    1468      115      988      412     1468
    1469      412     1271      115     1469
    1470      706      893      115     1470
    1471      115     1408      706     1471
    1472     1271     1408      115     1472
    1473      645      868      371     1473
    1474      371      732      645     1474
    1475      497      732      371     1475
    1476      814     1357      627     1476
    1477      627     1514      814     1477
    1478     1366     1514      627     1478
    1479      940     1366      627     1479
    1480      627     1254      940     1480
    1481      627     1357     1254     1481
    1482      883     1302      962     1482
    1483      116     1393      863     1483
    1484      863      884      116     1484
    1485      884     1288      116     1485
    1486      116      952      687     1486
    1487      687     1248      116     1487
    1488      116     1288      952     1488
    1489     1248     1393      116     1489
    1490     1332     1526      372     1490
    1491      372     1526     1213     1491
    1492      628     1297     1075     1492
    1493     1075     1392      628     1493
    1494     1091     1297      628     1494
    1495      628     1258     1091     1495
    1496     1392     1441      628     1496
    1497      628     1441     1258     1497
    1498      275     1186      117     1498
    1499      117     1520     1360     1499
    1500     1417     1520      117     1500
    1501     1186     1417      117     1501
    1502      373     1166      564     1502
    1503      691     1419      629     1503
    1504      629     1015      691     1504
    1505     1021     1397      629     1505
    1506      629     1419     1021     1506
    1507      885     1278     1022     1507
    1508      118     1326      541     1508
    1509      541     1115      118     1509
    1510      118     1115      343     1510
    1511      343      409      118     1511
    1512      409      997      118     1512
    1513      997     1326      118     1513
    1514      374     1120      870     1514
    1515      635     1120      374     1515
    1516      374      870      399     1516
    1517      399     1487      374     1517
    1518      630      872      699     1518
    1519      516     1099      119     1519
    1520      119     1158      516     1520
    1521      119     1367     1158     1521
    1522      375     1371      777     1522
    1523      930     1371      375     1523
    1524      375      777      708     1524
    1525      708     1256      375     1525
    1526      483      930      375     1526
    1527      375     1256      483     1527
    1528     1304     1345      631     1528
    1529     1064     1304      631     1529
    1530      631     1345      823     1530
    1531      823      881      631     1531
    1532     1310     1420      887     1532
    1533     1030     1467      120     1533
    1534     1052     1142      120     1534
    1535      120     1467     1052     1535
    1536     1142     1385      120     1536
    1537      995     1030      120     1537
    1538      120     1385      995     1538
    1539      376     1318      871     1539
    1540      512     1318      376     1540
    1541      376     1490      512     1541
    1542     1509     1517      888     1542
    1543     1144     1494     1415     1543
    1544      264      912      121     1544
    1545      121      726      264     1545
    1546      438      726      121     1546
    1547      505     1204      377     1547
    1548      377     1001      505     1548
    1549      909     1112      633     1549
    1550      633     1260      909     1550
    1551      633     1333     1260     1551
    1552      122     1134      344     1552
    1553      344     1147      122     1553
    1554      622     1134      122     1554
    1555      122     1147      245     1555
    1556      245      504      122     1556
    1557      504      622      122     1557
    1558      378     1132      915     1558
    1559      378     1287      998     1559
    1560      998     1132      378     1560
    1561      634     1269     1178     1561
    1562      123      632      598     1562
    1563      598     1266      123     1563
    1564      123     1149      632     1564
    1565      151     1149      123     1565
    1566      123     1266      151     1566
    1567      379     1472      540     1567
    1568      422      985      379     1568
    1569      379      540      426     1569
    1570      985     1472      379     1570
    1571      635     1503     1120     1571
    1572      975     1503      635     1572
    1573     1171     1285      891     1573
    1574      258     1246      124     1574
    1575      124      675      593     1575
    1576      124      721      675     1576
    1577      175      258      124     1577
    1578      124      593      175     1578
    1579      124     1246      721     1579
    1580      959     1205      380     1580
    1581      380     1012      959     1581
    1582      380     1205      980     1582
    1583      380     1161     1012     1583
    1584     1358     1471     1148     1584
    1585      125     1364      516     1585
    1586      516     1158      125     1586
    1587      125     1158      625     1587
    1588      625     1175      125     1588
    1589      969     1364      125     1589
    1590      125     1175      969     1590
    1591      397      785      381     1591
    1592      381     1378      397     1592
    1593      381      785      704     1593
    1594      739     1378      381     1594
    1595      637     1297     1046     1595
    1596     1046     1417      637     1596
    1597      637     1417     1186     1597
    1598      933     1297      637     1598
    1599      126      626      363     1599
    1600      363      720      126     1600
    1601      126     1413     1150     1601
    1602      720     1413      126     1602
    1603      382     1189     1063     1603
    1604      382     1063      865     1604
    1605      382     1199     1189     1605
    1606      968     1199      382     1606
    1607      382     1014      968     1607
    1608      894     1252     1047     1608
    1609      127      866      520     1609
    1610      184      866      127     1610
    1611      127      762      184     1611
    1612      127      520      190     1612
    1613      190     1094      127     1613
    1614      127     1094      762     1614
    1615      513      542      383     1615
    1616      383      657      513     1616
    1617      383     1037      657     1617
    1618      757     1037      383     1618
    1619     1056     1068      895     1619
    1620     1068     1470      895     1620
    1621      895     1470     1003     1621
    1622      128     1012      797     1622
    1623      977     1012      128     1623
    1624      128      797      236     1624
    1625      384     1092      481     1625
    1626      481      746      384     1626
    1627      746     1312      384     1627
    1628      384     1312      763     1628
    1629      763      767      384     1629
    1630      767     1092      384     1630
    1631      783     1276      640     1631
    1632      640     1276     1218     1632
    1633      896     1426     1315     1633
    1634      804      971      129     1634
    1635      129     1045      354     1635
    1636      354      804      129     1636
    1637      129      971      456     1637
    1638      385     1489      810     1638
    1639      810     1236      385     1639
    1640      385     1236     1090     1640
    1641      385     1090      429     1641
    1642      429     1489      385     1642
    1643      750      763      641     1643
    1644      763     1312      641     1644
    1645      536     1097      130     1645
    1646      362      536      130     1646
    1647      130     1319      362     1647
    1648      764     1319      130     1648
    1649      130     1097      764     1649
    1650      769     1396      386     1650
    1651      386     1288      884     1651
    1652      743      769      386     1652
    1653      386      884      743     1653
    1654     1388     1455      898     1654
    1655      131     1316      780     1655
    1656      780      845      131     1656
    1657      845     1013      131     1657
    1658      604     1316      131     1658
    1659      131      642      604     1659
    1660      131     1013      642     1660
    1661      387     1137      597     1661
    1662      597     1451      387     1662
    1663      387     1176     1137     1663
    1664      387     1451      929     1664
    1665     1123     1286      643     1665
    1666      132     1380     1296     1666
    1667      132     1296      581     1667
    1668      159      490      132     1668
    1669      490     1380      132     1669
    1670      817      927      644     1670
    1671      716      817      644     1671
    1672      932     1208      900     1672
    1673      133     1511      879     1673
    1674      133      410      392     1674
    1675      392     1511      133     1675
    1676      133     1095      410     1676
    1677      247     1095      133     1677
    1678      389     1251      820     1678
    1679      389      820      741     1679
    1680      645      920      868     1680
    1681      732     1243      645     1681
    1682      134      943      805     1682
    1683      134      805      341     1683
    1684      341     1424      134     1684
    1685      134     1229     1133     1685
    1686      134     1133      943     1686
    1687      134     1424     1229     1687
    1688      390     1302      442     1688
    1689      962     1302      390     1689
    1690      986     1470      646     1690
    1691      979     1375      902     1691
    1692      135     1474      864     1692
    1693      864      986      135     1693
    1694      935     1474      135     1694
    1695      220      935      135     1695
    1696      135      986      220     1696
    1697      523      535      391     1697
    1698      484      523      391     1698
    1699      647     1339     1073     1699
    1700     1055     1137      903     1700
    1701     1137     1176      903     1701
    1702     1176     1308      903     1702
    1703     1208     1411     1159     1703
    1704     1159     1411     1216     1704
    1705     1494     1524     1415     1705
    1706      136      901      649     1706
    1707      649      747      136     1707
    1708      406      835      136     1708
    1709      136      747      406     1709
    1710     1031     1511      392     1710
    1711      799     1031      392     1711
    1712      392      898      799     1712
    1713      410      898      392     1713
    1714      648     1080     1016     1714
    1715     1160     1199     1187     1715
    1716     1189     1199     1160     1716
    1717     1160     1210     1189     1717
    1718     1040     1521      137     1718
    1719      919     1040      137     1719
    1720      714     1263      137     1720
    1721      137     1521      714     1721
    1722      506      919      137     1722
    1723      137     1263      506     1723
    1724     1294     1300      393     1724
    1725      393     1430     1294     1725
    1726      393     1228     1066     1726
    1727      393     1300     1228     1727
    1728      905     1516     1033     1728
    1729     1345     1352      905     1729
    1730      312      545      138     1730
    1731      138      571      312     1731
    1732      138      545      248     1732
    1733      248     1475      138     1733
    1734      394      832      813     1734
    1735      394      946      832     1735
    1736      650     1369      848     1736
    1737      868      920      650     1737
    1738      920     1369      650     1738
    1739     1023     1211      906     1739
    1740      687     1408      139     1740
    1741      139     1408     1271     1741
    1742      139     1271      509     1742
    1743      509      511      139     1743
    1744      395     1512     1074     1744
    1745      395     1074      826     1745
    1746      826     1330      395     1746
    1747      651     1249      841     1747
    1748      651     1086      960     1748
    1749      960     1249      651     1749
    1750     1438     1464     1163     1750
    1751     1163     1464     1447     1751
    1752      860      934      140     1752
    1753      140     1520      860     1753
    1754      178      710      140     1754
    1755      140      465      178     1755
    1756      710     1520      140     1756
    1757      140      934      465     1757
    1758      396     1341      771     1758
    1759      771     1380      396     1759
    1760      396     1380     1337     1760
    1761      756     1399      652     1761
    1762      908     1232     1055     1762
    1763      517     1301      141     1763
    1764      141      854      517     1764
    1765      595      854      141     1765
    1766      141     1301      654     1766
    1767      441      785      397     1767
    1768      397     1378     1261     1768
    1769      653     1321      832     1769
    1770      832      946      653     1770
    1771      653     1034      847     1771
    1772      847     1321      653     1772
    1773      946     1034      653     1773
    1774      572      583      142     1774
    1775      142     1461      572     1775
    1776      583     1160      142     1776
    1777     1160     1187      142     1777
    1778     1187     1461      142     1778
    1779      398      899      562     1779
    1780      562      758      398     1780
    1781      398      758      658     1781
    1782      480      899      398     1782
    1783      654     1301     1028     1783
    1784     1046     1091      910     1784
    1785      143      846      526     1785
    1786      526      619      143     1786
    1787      619     1048      143     1787
    1788      731      846      143     1788
    1789      399     1049      554     1789
    1790      554     1487      399     1790
    1791      870     1049      399     1791
    1792      655     1125      950     1792
    1793     1256     1381      911     1793
    1794     1177     1423     1167     1794
    1795     1167     1423     1230     1795
    1796      144     1301      517     1796
    1797      517      960      144     1797
    1798     1086     1211      144     1798
    1799      960     1086      144     1799
    1800      510     1301      144     1800
    1801      144     1023      510     1801
    1802      144     1211     1023     1802
    1803     1298     1361      400     1803
    1804      400     1525     1298     1804
    1805     1138     1525      400     1805
    1806      892     1138      400     1806
    1807      400     1361      755     1807
    1808      755      892      400     1808
    1809     1079     1522      656     1809
    1810      682     1079      656     1810
    1811      722      754      656     1811
    1812      656     1522      722     1812
    1813      754     1342      656     1813
    1814      795     1069      145     1814
    1815      145     1381      795     1815
    1816      911     1381      145     1816
    1817     1127     1234      401     1817
    1818      507     1127      401     1818
    1819      401     1398      507     1819
    1820     1090     1236      657     1820
    1821     1272     1374      913     1821
    1822      356     1365      146     1822
    1823      146      972      356     1823
    1824      895     1003      146     1824
    1825      146     1003      972     1825
    1826     1130     1154      402     1826
    1827     1154     1382      402     1827
    1828      402     1382     1239     1828
    1829      495     1130      402     1829
    1830      402     1239      495     1830
    1831      816     1454      658     1831
    1832      658     1005      816     1832
    1833      758     1005      658     1833
    1834      914     1372     1336     1834
    1835     1336     1499      914     1835
    1836     1355     1372      914     1836
    1837     1250     1355      914     1837
    1838     1240     1320     1170     1838
    1839      624      992      147     1839
    1840      147     1467     1145     1840
    1841      992     1467      147     1841
    1842      488      624      147     1842
    1843      147     1145      488     1843
    1844      807      815      403     1844
    1845      403      815      727     1845
    1846      681     1121      659     1846
    1847      694     1108      659     1847
    1848      569     1139      148     1848
    1849      148      982      569     1849
    1850      209     1043      148     1850
    1851      148     1139      209     1851
    1852      148     1043      748     1852
    1853      748      982      148     1853
    1854      404     1129      812     1854
    1855      812     1134      404     1855
    1856      404     1427     1129     1856
    1857      745     1427      404     1857
    1858      660     1207     1140     1858
    1859     1140     1507      660     1859
    1860      916     1357     1126     1860
    1861      939     1335      916     1861
    1862      916     1335     1254     1862
    1863     1254     1357      916     1863
    1864      149     1038      259     1864
    1865      178     1038      149     1865
    1866      149      710      178     1866
    1867      149     1420      710     1867
    1868      405     1487     1469     1868
    1869      590     1088      150     1869
    1870      150     1418      590     1870
    1871      430     1418      150     1871
    1872      150     1434      430     1872
    1873      150     1088      232     1873
    1874      232     1434      150     1874
    1875      406     1238      835     1875
    1876      662     1361      780     1876
    1877      662     1200     1104     1877
    1878      662     1104      755     1878
    1879      755     1361      662     1879
    1880      918     1131     1029     1880
    1881     1029     1273      918     1881
    1882     1273     1391      918     1882
    1883     1145     1149      151     1883
    1884      458      488      151     1884
    1885      151     1266      458     1885
    1886      488     1145      151     1886
    1887     1083     1434      407     1887
    1888      411     1083      407     1888
    1889      407      732      411     1889
    1890      407     1243      732     1890
    1891      937     1040      919     1891
    1892      919     1217      937     1892
    1893      152     1203     1057     1893
    1894      152     1057      323     1894
    1895      323     1202      152     1895
    1896      152     1325     1203     1896
    1897     1344     1363      408     1897
    1898      664      728      666     1898
    1899      696     1172      664     1899
    1900      664     1172      978     1900
    1901      664      978      728     1901
    1902      153     1098      306     1902
    1903      200     1025      153     1903
    1904      153      255      200     1904
    1905      153      306      255     1905
    1906      629     1397      409     1906
    1907      409     1015      629     1907
    1908      409     1397      997     1908
    1909     1163     1447      665     1909
    1910      665     1447      930     1910
    1911     1177     1457     1423     1911
    1912     1177     1496     1457     1912
    1913     1435     1442     1433     1913
    1914      154     1347     1322     1914
    1915      664      666      154     1915
    1916      154      696      664     1916
    1917      666     1347      154     1917
    1918      154     1322      463     1918
    1919      463      696      154     1919
    1920      410     1388      898     1920
    1921      410     1095      416     1921
    1922      416     1388      410     1922
    1923      728     1016      666     1923
    1924     1269     1528     1178     1924
    1925      155     1117     1065     1925
    1926      448     1117      155     1926
    1927      155      999      448     1927
    1928     1026     1083      411     1928
    1929      411      732      497     1929
    1930      667      891      856     1930
    1931      856     1516      667     1931
    1932      905     1352      667     1932
    1933      667     1516      905     1933
    1934     1411     1431      923     1934
    1935      296      617      156     1935
    1936      156     1430      296     1936
    1937      195      846      156     1937
    1938      156      617      195     1938
    1939      156      846      731     1939
    1940      731     1430      156     1940
    1941      412     1397     1193     1941
    1942     1193     1271      412     1942
    1943      988      997      412     1943
    1944      997     1397      412     1944
    1945      909     1260      668     1945
    1946      668     1260     1000     1946
    1947      924     1263     1033     1947
    1948     1194     1383     1180     1948
    1949     1180     1311     1274     1949
    1950      157      535      523     1950
    1951      157      703      535     1951
    1952      157      523      367     1952
    1953      367      882      157     1953
    1954      157      882      171     1954
    1955      171      703      157     1955
    1956      413     1500     1305     1956
    1957      578     1173      413     1957
    1958      413      717      578     1958
    1959      413     1305      717     1959
    1960     1025     1084      669     1960
    1961      158      661      580     1961
    1962      580     1179      158     1962
    1963      158      451      418     1963
    1964      158     1179      451     1964
    1965      522      789      414     1965
    1966      414     1445      522     1966
    1967     1296     1445      414     1967
    1968      789     1032      414     1968
    1969      414     1032      581     1969
    1970      581     1296      414     1970
    1971      670     1442     1435     1971
    1972      926     1060      951     1972
    1973      670     1435      159     1973
    1974      159     1435      973     1974
    1975      159      973      490     1975
    1976      691     1410      415     1976
    1977      415     1419      691     1977
    1978      984     1419      415     1978
    1979      978     1172      671     1979
    1980      535     1349      160     1980
    1981      391      535      160     1981
    1982      160     1349      690     1982
    1983      179      391      160     1983
    1984      160      690      179     1984
    1985     1095     1409      416     1985
    1986      779     1481      672     1986
    1987      928     1281     1155     1987
    1988     1155     1356      928     1988
    1989     1340     1456      161     1989
    1990      161     1456     1404     1990
    1991      161     1404      638     1991
    1992      161      638      505     1992
    1993      515     1277      417     1993
    1994      417     1277      828     1994
    1995      417      828      639     1995
    1996      639      661      417     1996
    1997      673     1004      844     1997
    1998      844     1273      673     1998
    1999      673     1275     1004     1999
    2000     1273     1281      673     2000
    2001      162     1276      783     2001
    2002      162      339      303     2002
    2003      303     1276      162     2003
    2004      162      593      339     2004
    2005      162      783      175     2005
    2006      175      593      162     2006
    2007      451     1164      418     2007
    2008      674     1365      787     2008
    2009      674     1307      968     2009
    2010      968     1014      674     2010
    2011     1014     1365      674     2011
    2012      930     1449     1371     2012
    2013     1447     1449      930     2013
    2014      163      813      389     2014
    2015      389      741      163     2015
    2016      163      811      394     2016
    2017      394      813      163     2017
    2018      462      811      163     2018
    2019      163      741      462     2019
    2020      419      793      792     2020
    2021      419     1289      793     2021
    2022      836     1253      419     2022
    2023     1253     1289      419     2023
    2024      990     1329      931     2024
    2025     1307     1461     1187     2025
    2026      803      985      164     2026
    2027      164     1505      803     2027
    2028      655      950      164     2028
    2029      422      655      164     2029
    2030      164      985      422     2030
    2031      950     1505      164     2031
    2032      570      811      420     2032
    2033      420      981      570     2033
    2034      420      702      591     2034
    2035      591      981      420     2035
    2036      420      811      462     2036
    2037      462      702      420     2037
    2038      676     1477      987     2038
    2039     1404     1456      932     2039
    2040      932     1456     1431     2040
    2041      932     1431     1208     2041
    2042     1077     1425      165     2042
    2043      165      821      230     2043
    2044      230     1077      165     2044
    2045      907     1355      421     2045
    2046      421      769      479     2046
    2047      479      907      421     2047
    2048      421     1355     1250     2048
    2049      677     1182     1102     2049
    2050     1075     1297      933     2050
    2051      286      926      166     2051
    2052      166      719      286     2052
    2053      926      951      166     2053
    2054      427      719      166     2054
    2055     1267     1282      678     2055
    2056     1164     1311      167     2056
    2057      167     1311     1180     2057
    2058     1180     1383      167     2058
    2059      167     1383      418     2059
    2060      418     1164      167     2060
    2061      423     1085      547     2061
    2062      547      725      423     2062
    2063      423     1353     1085     2063
    2064      734     1353      423     2064
    2065      679     1468      970     2065
    2066     1447     1464     1449     2066
    2067      268      827      168     2067
    2068      168      415      268     2068
    2069      168      827      613     2069
    2070      168      984      415     2070
    2071      424     1053      634     2071
    2072     1008     1053      424     2072
    2073      964     1502      680     2073
    2074      680     1502      735     2074
    2075      954     1141      936     2075
    2076      169      861      263     2076
    2077      263     1519      169     2077
    2078      169     1116     1035     2078
    2079      169     1222     1116     2079
    2080      169     1035      861     2080
    2081      169     1519     1222     2081
    2082      425     1096      592     2082
    2083      425      798      683     2083
    2084      683     1096      425     2084
    2085      424      611      170     2085
    2086      170     1008      424     2086
    2087      435     1309      170     2087
    2088      170      611      435     2088
    2089      170     1309      974     2089
    2090      974     1008      170     2090
    2091      540      701      426     2091
    2092      426     1491      869     2092
    2093      701     1491      426     2093
    2094      682     1159     1079     2094
    2095      900     1208      682     2095
    2096      682     1208     1159     2096
    2097      882     1078      171     2097
    2098      498      846      427     2098
    2099      798     1231      683     2099
    2100     1058     1139      683     2100
    2101      683     1231     1058     2101
    2102      683     1139     1096     2102
    2103     1195     1370     1246     2103
    2104      183      231      172     2104
    2105      231      756      172     2105
    2106      885     1022      428     2106
    2107      428      783      640     2107
    2108      455      783      428     2108
    2109      428     1022      455     2109
    2110      684     1330      826     2110
    2111      841     1330      684     2111
    2112     1283     1343     1196     2112
    2113      562      899      173     2113
    2114      173     1185      562     2114
    2115      173      899      885     2115
    2116      640     1218      173     2116
    2117      173     1218     1185     2117
    2118      173      885      428     2118
    2119      428      640      173     2119
    2120     1399     1489      429     2120
    2121      652     1399      429     2121
    2122      685     1067      773     2122
    2123      644      927      174     2123
    2124      174     1183      644     2124
    2125      494     1183      174     2125
    2126      430     1434     1083     2126
    2127      430     1083      851     2127
    2128      851     1418      430     2128
    2129      686     1233      814     2129
    2130      814     1514      686     2130
    2131      736      933      686     2131
    2132      686     1514      736     2132
    2133     1227     1484      942     2133
    2134     1209     1412     1198     2134
    2135     1198     1212     1209     2135
    2136      175      455      258     2136
    2137      175      783      455     2137
    2138      577     1348      431     2138
    2139      471      580      431     2139
    2140      431     1348      471     2140
    2141      431      580      476     2141
    2142      952     1408      687     2142
    2143      176     1070     1039     2143
    2144      176     1437     1303     2144
    2145      176     1406     1070     2145
    2146      176     1039      874     2146
    2147      874     1437      176     2147
    2148      176     1303      204     2148
    2149      204     1406      176     2149
    2150      432     1141      533     2150
    2151      533     1007      432     2151
    2152      432     1506     1141     2152
    2153      177      781      522     2153
    2154      522     1445      177     2154
    2155      177     1445      223     2155
    2156      223      449      177     2156
    2157      252      781      177     2157
    2158      177      449      252     2158
    2159      433      954      936     2159
    2160      433      936      509     2160
    2161      509     1193      433     2161
    2162      433     1193     1021     2162
    2163      178     1451     1038     2163
    2164      465     1451      178     2164
    2165      916     1126      434     2165
    2166      434      939      916     2166
    2167      946     1153     1034     2167
    2168      274     1190      179     2168
    2169      179      690      274     2169
    2170      328      391      179     2170
    2171      179      715      328     2171
    2172      179     1190      715     2172
    2173      611     1001      435     2173
    2174     1128     1309      435     2174
    2175      966     1128      435     2175
    2176      435     1001      966     2176
    2177     1015     1410      691     2177
    2178     1214     1407      947     2178
    2179      947     1407      994     2179
    2180      994     1174      947     2180
    2181      180     1346     1042     2181
    2182     1042     1136      180     2182
    2183     1325     1346      180     2183
    2184     1203     1325      180     2184
    2185      180     1136      958     2185
    2186      958     1203      180     2186
    2187      837     1171      436     2187
    2188      436     1216      837     2188
    2189      436     1402     1216     2189
    2190      436     1171      492     2190
    2191      692     1403     1081     2191
    2192      907     1403      692     2192
    2193      692     1081      922     2193
    2194      922     1359      692     2194
    2195      692     1359      744     2195
    2196      744      907      692     2196
    2197      257      278      181     2197
    2198      181     1161      257     2198
    2199      278     1338      181     2199
    2200     1338     1497      181     2200
    2201      181     1497     1161     2201
    2202      437      480      472     2202
    2203      472      753      437     2203
    2204      503     1295      437     2204
    2205      437      753      503     2205
    2206      693     1428     1311     2206
    2207      809     1165      693     2207
    2208      693     1311     1164     2208
    2209     1165     1428      693     2209
    2210      182     1481      842     2210
    2211      182      842      355     2211
    2212      672     1481      182     2212
    2213      438     1504     1100     2213
    2214      438     1100      726     2214
    2215      950     1125     1024     2215
    2216      852      957      183     2216
    2217      183      957      231     2217
    2218      439     1416     1105     2218
    2219     1105     1235      439     2219
    2220      439      945      600     2220
    2221      439     1235      945     2221
    2222      784     1331      695     2222
    2223     1331     1429      695     2223
    2224      695     1429      831     2224
    2225     1207     1461     1307     2225
    2226      184     1087      525     2226
    2227      525      866      184     2227
    2228      184     1089     1087     2228
    2229      762     1089      184     2229
    2230      605      890      440     2230
    2231      440      975      605     2231
    2232      890     1317      440     2232
    2233      446      975      440     2233
    2234     1208     1431     1411     2234
    2235      185      949      810     2235
    2236      810     1489      185     2236
    2237      185      808      559     2237
    2238      333      808      185     2238
    2239      185     1489      333     2239
    2240      441     1114      785     2240
    2241      441     1150     1114     2241
    2242      945     1235      697     2242
    2243     1235     1377      697     2243
    2244     1082     1453      186     2244
    2245      186     1401      573     2245
    2246      573     1506      186     2246
    2247      348     1082      186     2247
    2248      186     1506      348     2248
    2249      186     1453     1401     2249
    2250      442     1302      776     2250
    2251      776      862      442     2251
    2252     1091     1258      698     2252
    2253      910     1091      698     2253
    2254      712      910      698     2254
    2255     1258     1493      698     2255
    2256      187     1324      566     2256
    2257      194      749      187     2257
    2258      187      242      194     2258
    2259      187      566      460     2259
    2260      749     1324      187     2260
    2261      187      460      242     2261
    2262      443      896      636     2262
    2263      636      685      443     2263
    2264      443      685      502     2264
    2265      502      508      443     2265
    2266     1042     1344      188     2266
    2267      188     1136     1042     2267
    2268      188     1368     1136     2268
    2269      794     1223      444     2269
    2270      444     1194     1148     2270
    2271      189     1112      359     2271
    2272      359      713      189     2272
    2273      189      713      617     2273
    2274      617     1272      189     2274
    2275      913     1112      189     2275
    2276      189     1272      913     2276
    2277      445     1270      843     2277
    2278      445      909      668     2278
    2279      668     1270      445     2279
    2280      520      615      190     2280
    2281      358     1094      190     2281
    2282      190     1102      358     2282
    2283      615      676      190     2283
    2284      676     1102      190     2284
    2285      539      836      191     2285
    2286      191      792      603     2286
    2287      419      792      191     2287
    2288      191      836      419     2288
    2289      495      539      191     2289
    2290      191      603      495     2290
    2291      851     1026      447     2291
    2292      447     1026      633     2292
    2293      633     1112      447     2293
    2294      447     1112      913     2294
    2295      959     1425     1077     2295
    2296     1077     1205      959     2296
    2297      977     1425      959     2297
    2298      959     1012      977     2298
    2299      342      787      192     2299
    2300      192     1140      342     2300
    2301      192      787      356     2301
    2302      356      622      192     2302
    2303      192      622      504     2303
    2304      504     1140      192     2304
    2305      467     1117      448     2305
    2306      448      646      467     2306
    2307      785     1362      704     2307
    2308      704     1244     1169     2308
    2309      704     1362     1244     2309
    2310      287     1440      193     2310
    2311      193      963      287     2311
    2312      577     1286      193     2312
    2313      193     1440      577     2313
    2314      193     1259      963     2314
    2315      193     1286     1259     2315
    2316      449     1027      536     2316
    2317     1076     1168      705     2317
    2318     1105     1223      961     2318
    2319      961     1235     1105     2319
    2320      961     1223      991     2320
    2321      623      751      194     2321
    2322      194      751      749     2322
    2323      808     1478      450     2323
    2324      559      808      450     2324
    2325      450     1227      559     2325
    2326      450     1478      453     2326
    2327      453     1262      450     2327
    2328      450     1262     1227     2328
    2329      706     1408      952     2329
    2330      617      713      195     2330
    2331      427      846      195     2331
    2332      195      719      427     2332
    2333      713      719      195     2333
    2334     1179     1279      451     2334
    2335      707     1396      769     2335
    2336     1299     1396      707     2336
    2337     1044     1299      707     2337
    2338      716     1044      707     2338
    2339      963     1142     1052     2339
    2340      963     1259     1142     2340
    2341     1219     1414     1390     2341
    2342     1390     1463     1219     2342
    2343     1405     1414     1219     2343
    2344      196     1145     1030     2344
    2345      339     1149      196     2345
    2346      196      740      339     2346
    2347      196     1149     1145     2347
    2348      196     1030      740     2348
    2349      452     1468      679     2349
    2350      750     1468      452     2350
    2351      452      763      750     2351
    2352      452      767      763     2352
    2353      777      865      708     2353
    2354     1063     1381      708     2354
    2355      865     1063      708     2355
    2356      708     1381     1256     2356
    2357      304     1477      197     2357
    2358      197     1002      304     2358
    2359      197     1424      970     2359
    2360      970     1002      197     2360
    2361     1229     1424      197     2361
    2362      197     1477     1229     2362
    2363      453     1478      964     2363
    2364      456      971      453     2364
    2365      453      489      456     2365
    2366      971     1262      453     2366
    2367      453      964      489     2367
    2368     1022     1278      709     2368
    2369      198     1358     1351     2369
    2370     1351     1437      198     2370
    2371      198     1483     1358     2371
    2372      198     1437     1157     2372
    2373      848      887      454     2373
    2374      887     1387      454     2374
    2375      650      848      454     2375
    2376      454     1387      760     2376
    2377      710     1420     1360     2377
    2378     1360     1520      710     2378
    2379      966     1225     1128     2379
    2380      199      769      421     2380
    2381      421     1250      199     2381
    2382      707      769      199     2382
    2383      199      716      707     2383
    2384      199     1250      716     2384
    2385      455     1022      470     2385
    2386      711     1448     1191     2386
    2387      967     1144     1034     2387
    2388     1034     1153      967     2388
    2389      967     1494     1144     2389
    2390      582     1025      200     2390
    2391      200      897      582     2391
    2392      388      897      200     2392
    2393      255      388      200     2393
    2394      489     1181      456     2394
    2395      712     1010      910     2395
    2396      968     1307     1187     2396
    2397     1187     1199      968     2397
    2398     1239     1382     1224     2398
    2399     1224     1443     1239     2399
    2400     1245     1443     1224     2400
    2401      201     1288      386     2401
    2402      386     1396      201     2402
    2403      952     1288      201     2403
    2404      706      952      201     2404
    2405      457     1130      799     2405
    2406      799      898      457     2406
    2407      558     1130      457     2407
    2408      482      558      457     2408
    2409      457      898      482     2409
    2410      788     1323      202     2410
    2411      202     1335      788     2411
    2412      202     1323      880     2412
    2413      880     1254      202     2413
    2414     1254     1335      202     2414
    2415      458     1135      488     2415
    2416     1266     1466      458     2416
    2417      714     1521     1327     2417
    2418      714      881      823     2418
    2419      823     1263      714     2419
    2420      714     1327      881     2420
    2421      970     1468     1002     2421
    2422      203     1374     1066     2422
    2423     1066     1228      203     2423
    2424      590     1418      203     2424
    2425      203      953      590     2425
    2426      203     1418     1374     2426
    2427      203     1228      953     2427
    2428      459      619      526     2428
    2429      459     1465      619     2429
    2430      459     1486     1465     2430
    2431      459     1490     1486     2431
    2432      459      526      512     2432
    2433      512     1490      459     2433
    2434     1190     1473      715     2434
    2435     1017     1323      715     2435
    2436      715     1473     1017     2436
    2437      204     1303      335     2437
    2438      335     1428      204     2438
    2439      244     1406      204     2439
    2440      204     1428      244     2440
    2441      566     1051      460     2441
    2442      716     1250      817     2442
    2443      377     1495      205     2443
    2444      205     1001      377     2444
    2445      205     1495     1439     2445
    2446      205     1225      966     2446
    2447      966     1001      205     2447
    2448      205     1439     1225     2448
    2449     1390     1414      461     2449
    2450      717     1305     1073     2450
    2451      973     1393     1337     2451
    2452      973     1435     1433     2452
    2453      206     1452      388     2453
    2454      206     1347      666     2454
    2455      666     1016      206     2455
    2456     1016     1452      206     2456
    2457      255     1347      206     2457
    2458      206      388      255     2458
    2459      718      876      775     2459
    2460      775      953      718     2460
    2461      953     1228      718     2461
    2462     1228     1300      718     2462
    2463     1230     1423     1331     2463
    2464      207      809      693     2464
    2465      693     1164      207     2465
    2466      207     1164      451     2466
    2467      451     1279      207     2467
    2468      219      809      207     2468
    2469      207     1279      219     2469
    2470      463     1234     1127     2470
    2471      463     1127      696     2471
    2472      538      643      208     2472
    2473      208      754      538     2473
    2474      208     1485      311     2474
    2475      311      754      208     2475
    2476      208      643      254     2476
    2477      254     1485      208     2477
    2478      464      801      547     2478
    2479      547     1459      464     2479
    2480      481      801      464     2480
    2481      464      746      481     2481
    2482     1071     1413      720     2482
    2483      978     1071      720     2483
    2484      728      978      720     2484
    2485      209     1139     1058     2485
    2486      320     1043      209     2486
    2487      209      870      320     2487
    2488      209     1058      870     2488
    2489      929     1451      465     2489
    2490      465      955      929     2490
    2491      934      955      465     2491
    2492      407     1434      210     2492
    2493      210     1243      407     2493
    2494      232     1143      210     2494
    2495      210     1434      232     2495
    2496     1041     1413      466     2496
    2497      466     1479     1041     2497
    2498      466     1413     1071     2498
    2499     1329     1479      466     2499
    2500     1054     1123      722     2500
    2501      211     1476     1314     2501
    2502      211     1182      677     2502
    2503      677     1476      211     2503
    2504      467     1509     1117     2504
    2505      467      646      485     2505
    2506      485     1517      467     2506
    2507      467     1517     1509     2507
    2508      723     1300     1294     2508
    2509      723     1294     1184     2509
    2510      723     1184     1019     2510
    2511     1019     1213      723     2511
    2512      212     1032      789     2512
    2513      789      915      212     2513
    2514      825     1032      212     2514
    2515      351      825      212     2515
    2516      212     1132      351     2516
    2517      915     1132      212     2517
    2518      576     1251      468     2518
    2519      724     1103      857     2519
    2520     1378     1495      213     2520
    2521      377     1204      213     2521
    2522      213     1495      377     2522
    2523      697     1377      213     2523
    2524      213     1204      697     2524
    2525      213     1377     1261     2525
    2526     1261     1378      213     2526
    2527      469     1518      568     2527
    2528      469     1060      926     2528
    2529      926     1518      469     2529
    2530      214     1217      282     2530
    2531      282     1023      214     2531
    2532      214     1023      906     2532
    2533      470     1462     1195     2533
    2534      709     1462      470     2534
    2535      470     1022      709     2535
    2536     1100     1412      726     2536
    2537      726     1412     1209     2537
    2538      215      920      645     2538
    2539      645     1243      215     2539
    2540      471     1179      580     2540
    2541      993     1179      471     2541
    2542      471     1280      993     2542
    2543      471     1348     1280     2543
    2544      983     1354     1265     2544
    2545      344      812      216     2545
    2546      216      917      344     2546
    2547      216     1488     1146     2547
    2548      216     1146      917     2548
    2549      216      812      228     2549
    2550      228     1488      216     2550
    2551      472     1450      584     2551
    2552      584      753      472     2552
    2553     1240     1398     1320     2553
    2554      519     1084      217     2554
    2555      217     1021      519     2555
    2556      217      954      433     2556
    2557      433     1021      217     2557
    2558      217     1084      689     2558
    2559      689      954      217     2559
    2560     1072     1328      473     2560
    2561      473     1366     1072     2561
    2562     1328     1515      473     2562
    2563      473     1514     1366     2563
    2564      736     1514      473     2564
    2565      473     1515      736     2565
    2566      838      900      729     2566
    2567     1244     1479     1241     2567
    2568      278     1047      218     2568
    2569      218     1338      278     2569
    2570     1047     1370      218     2570
    2571      218     1462     1338     2571
    2572      218     1370     1195     2572
    2573     1195     1462      218     2573
    2574      791     1162      474     2574
    2575      474     1510      791     2575
    2576      585      748      474     2576
    2577      748     1510      474     2577
    2578      897     1306      730     2578
    2579      730     1306     1007     2579
    2580     1003     1470      986     2580
    2581      548     1292      219     2581
    2582      219     1279      548     2582
    2583      219      944      809     2583
    2584      219     1292      944     2584
    2585      475      912      901     2585
    2586      220      986      646     2586
    2587      220      999      935     2587
    2588      220      646      448     2588
    2589      448      999      220     2589
    2590      580      661      476     2590
    2591      476      661      639     2591
    2592      639     1485      476     2592
    2593      988     1326      997     2593
    2594     1362     1479     1244     2594
    2595      221     1375      620     2595
    2596      620     1503      221     2596
    2597      902     1375      221     2597
    2598      446      902      221     2598
    2599      221      975      446     2599
    2600      221     1503      975     2600
    2601     1118     1264      733     2601
    2602      733     1264      734     2602
    2603     1315     1426      989     2603
    2604      989     1525     1138     2604
    2605      518     1037      222     2605
    2606      222     1093      518     2606
    2607     1037     1498      222     2607
    2608      609      867      478     2608
    2609      867     1170      478     2609
    2610     1170     1446      478     2610
    2611      956     1353      734     2611
    2612      734     1264      956     2612
    2613      990     1479     1329     2613
    2614     1241     1479      990     2614
    2615      288     1027      223     2615
    2616      223     1523      288     2616
    2617     1445     1523      223     2617
    2618      223     1027      449     2618
    2619      479     1403      907     2619
    2620      948     1403      479     2620
    2621      479      769      743     2621
    2622      743      948      479     2622
    2623      735     1502      875     2623
    2624      875     1268      735     2624
    2625      224     1050     1036     2625
    2626      224     1036      571     2626
    2627      736     1515     1075     2627
    2628      736     1075      933     2628
    2629     1052     1467      992     2629
    2630      413     1173      225     2630
    2631      225     1500      413     2631
    2632      481      853      801     2632
    2633      737     1522     1079     2633
    2634      737     1400     1131     2634
    2635     1131     1522      737     2635
    2636      993     1279     1179     2636
    2637     1162     1443      226     2637
    2638      226      585      474     2638
    2639      474     1162      226     2639
    2640      477      585      226     2640
    2641      226     1245      477     2641
    2642      226     1443     1245     2642
    2643      898     1455      482     2643
    2644     1255     1395      738     2644
    2645      284      308      227     2645
    2646      227      727      284     2646
    2647      308      819      227     2647
    2648      227      819      405     2648
    2649      405     1469      227     2649
    2650      610      665      483     2650
    2651      483      752      610     2651
    2652      665      930      483     2652
    2653      483     1256      752     2653
    2654      796     1439      739     2654
    2655      739     1495     1378     2655
    2656     1439     1495      739     2656
    2657      228     1129      773     2657
    2658      812     1129      228     2658
    2659      484      527      523     2659
    2660      484     1020      527     2660
    2661      740     1030      995     2661
    2662      995     1188      740     2662
    2663      229     1373     1316     2663
    2664     1370     1373      229     2664
    2665      229     1316      604     2665
    2666      604      721      229     2666
    2667      721     1246      229     2667
    2668     1246     1370      229     2668
    2669      485     1470     1068     2669
    2670     1068     1508      485     2670
    2671      646     1470      485     2671
    2672     1508     1517      485     2672
    2673      820     1110      741     2673
    2674      821     1219      230     2674
    2675     1219     1463      230     2675
    2676     1011     1077      230     2676
    2677      230     1463     1011     2677
    2678     1295     1384      486     2678
    2679      486     1384      550     2679
    2680      709     1278      486     2680
    2681     1278     1295      486     2681
    2682      775      876      742     2682
    2683      742     1422      775     2683
    2684      998     1492     1132     2684
    2685      333     1399      231     2685
    2686      231      957      333     2686
    2687      231     1399      756     2687
    2688      487      862      776     2688
    2689      487      776      579     2689
    2690      586     1327      487     2690
    2691      487     1327      862     2691
    2692      884     1432      743     2692
    2693      743     1432      948     2693
    2694     1386     1395     1255     2694
    2695      488     1135      624     2695
    2696      744     1372     1355     2696
    2697      744     1355      907     2697
    2698      744     1359     1024     2698
    2699     1024     1372      744     2699
    2700     1331     1423     1000     2700
    2701     1000     1429     1331     2701
    2702     1260     1429     1000     2702
    2703      233     1342      574     2703
    2704      574      729      233     2704
    2705      656     1342      233     2705
    2706      233      682      656     2706
    2707      233      900      682     2707
    2708      729      900      233     2708
    2709      680     1181      489     2709
    2710      489      964      680     2710
    2711      864     1474      745     2711
    2712      745      972      864     2712
    2713      745     1474     1427     2713
    2714      234     1346     1325     2714
    2715      234     1363     1346     2715
    2716      670     1197      234     2716
    2717     1197     1363      234     2717
    2718     1337     1380      490     2718
    2719      973     1337      490     2719
    2720     1237     1312      746     2720
    2721      235     1092      268     2721
    2722      268     1410      235     2722
    2723      235     1410      853     2723
    2724      481     1092      235     2724
    2725      235      853      481     2725
    2726     1389     1527      491     2726
    2727      491     1527      642     2727
    2728      236      797      612     2728
    2729      612      630      236     2729
    2730      630      699      236     2730
    2731      492     1171      891     2731
    2732      667     1352      492     2732
    2733      492      891      667     2733
    2734     1043     1510      748     2734
    2735     1293     1482     1004     2735
    2736     1333     1429     1260     2736
    2737      237      688      346     2737
    2738      346      507      237     2738
    2739      237     1240      867     2739
    2740      507     1240      237     2740
    2741      780     1316      493     2741
    2742     1316     1373      493     2742
    2743      662      780      493     2743
    2744      493     1200      662     2744
    2745      493     1252     1200     2745
    2746      493     1373     1252     2746
    2747      993     1280      749     2747
    2748      751      993      749     2748
    2749     1280     1324      749     2749
    2750      270      544      238     2750
    2751      238     1251      270     2751
    2752      544     1220      238     2752
    2753      238     1220      468     2753
    2754      468     1251      238     2754
    2755     1002     1468      750     2755
    2756     1006     1497     1338     2756
    2757      239     1163      552     2757
    2758      239     1051      624     2758
    2759      624     1438      239     2759
    2760      239     1438     1163     2760
    2761      460     1051      239     2761
    2762      239      552      460     2762
    2763      495     1239      539     2763
    2764      603     1130      495     2764
    2765     1007     1306     1039     2765
    2766     1087     1089      240     2766
    2767      496     1320      525     2767
    2768      525     1087      496     2768
    2769     1170     1320      496     2769
    2770      496     1446     1170     2770
    2771      830     1313      752     2771
    2772      752      911      830     2772
    2773      752     1256      911     2773
    2774     1008     1290     1053     2774
    2775      297     1459      241     2775
    2776      241      965      297     2776
    2777      241     1153      921     2777
    2778      921      965      241     2778
    2779      967     1153      241     2779
    2780      241     1459      249     2780
    2781      249      967      241     2781
    2782      753     1018      886     2782
    2783     1265     1354     1291     2783
    2784      552     1156      242     2784
    2785      460      552      242     2785
    2786      526      846      498     2786
    2787      512      526      498     2787
    2788     1389     1466     1266     2788
    2789     1072     1366      243     2789
    2790      879     1072      243     2790
    2791      243     1366      940     2791
    2792      940     1152      243     2792
    2793      499     1528     1285     2793
    2794      499     1171      837     2794
    2795      837      923      499     2795
    2796      499     1285     1171     2796
    2797      923     1528      499     2797
    2798     1267     1369     1282     2798
    2799      244     1165     1097     2799
    2800      244     1428     1165     2800
    2801      517      854      500     2801
    2802      500      960      517     2802
    2803      500      854      563     2803
    2804      563     1249      500     2804
    2805      500     1249      960     2805
    2806      245     1147      596     2806
    2807      596      955      245     2807
    2808      955     1507      245     2808
    2809      245     1507      504     2809
    2810      772      969      501     2810
    2811      563      772      501     2811
    2812     1285     1528     1269     2812
    2813      246     1281      928     2813
    2814      928     1005      246     2814
    2815      673     1281      246     2815
    2816      246     1275      673     2816
    2817     1005     1275      246     2817
    2818      773     1129      502     2818
    2819     1129     1427      502     2819
    2820      685      773      502     2820
    2821      502     1427      508     2821
    2822     1185     1275      758     2822
    2823      758     1275     1005     2823
    2824      829     1095      247     2824
    2825      503     1384     1295     2825
    2826      551      872      503     2826
    2827      503      886      551     2827
    2828      872     1384      503     2828
    2829      753      886      503     2829
    2830      856      891      759     2830
    2831      759      938      856     2831
    2832      891     1285      759     2832
    2833      759     1099      938     2833
    2834     1299     1475      248     2834
    2835      545      893      248     2835
    2836      504     1507     1140     2836
    2837     1080     1452     1016     2837
    2838      249     1459     1085     2838
    2839      249     1085      589     2839
    2840      589     1494      249     2840
    2841      249     1494      967     2841
    2842      638     1204      505     2842
    2843     1081     1403      761     2843
    2844      833     1202      761     2844
    2845      761      948      833     2845
    2846      761     1403      948     2846
    2847      250     1421     1098     2847
    2848      613     1062      250     2848
    2849      250     1098      613     2849
    2850     1215     1421      250     2850
    2851      506     1263      924     2851
    2852     1303     1351     1274     2852
    2853      251     1323      788     2853
    2854      788     1020      251     2854
    2855      328     1323      251     2855
    2856      251      484      328     2856
    2857      251     1020      484     2857
    2858      507     1398     1240     2858
    2859     1184     1283     1019     2859
    2860     1019     1283     1196     2860
    2861      266      781      252     2861
    2862      252     1350      266     2862
    2863      362     1350      252     2863
    2864      252      449      362     2864
    2865     1427     1474      508     2865
    2866      508     1474      935     2866
    2867      764     1165      809     2867
    2868      809      944      764     2868
    2869     1097     1165      764     2869
    2870      944     1319      764     2870
    2871      253      858      786     2871
    2872      786      980      253     2872
    2873      253     1205      878     2873
    2874      980     1205      253     2874
    2875      509     1271     1193     2875
    2876      509      936      511     2876
    2877      765     1008      974     2877
    2878      765     1290     1008     2878
    2879     1193     1397     1021     2879
    2880      254      643      577     2880
    2881      254      577      431     2881
    2882      431      476      254     2882
    2883      476     1485      254     2883
    2884     1028     1301      510     2884
    2885      996     1028      510     2885
    2886      510     1023      996     2886
    2887      306     1347      255     2887
    2888      767     1062      827     2888
    2889      827     1092      767     2889
    2890      636     1122      256     2890
    2891      256      685      636     2891
    2892      256     1067      685     2892
    2893     1185     1218      768     2893
    2894      768     1275     1185     2894
    2895      768     1293     1004     2895
    2896     1004     1275      768     2896
    2897     1113     1372     1024     2897
    2898     1024     1125     1113     2898
    2899     1280     1440     1324     2899
    2900     1348     1440     1280     2900
     278533.048298      506589.753154
     265226.714512      449648.021474
     308504.391412      511801.410607
     259253.788346      467421.898213
     264910.249729      450755.894728
     269843.275555      503976.679478
     272207.853665      526852.952334
     272289.372804      521330.842260
     301983.469071      511139.206826
     242546.191964      501203.268611
     261337.117099      516713.290216
     291767.292442      531402.283527
     260356.480279      519121.440282
     253402.738307      527452.961887
     245752.701452      465248.079199
     282259.796633      501508.715568
     298665.353527      470100.413832
     284501.027889      515494.299683
     273492.488874      516362.165959
     246311.039159      458647.011475
     266494.181097      451178.637744
     264830.329321      450461.983511
     237814.952283      495780.668842
     264909.746832      449794.364224
     247161.920496      492645.893610
     289679.791862      455925.021363
     307133.317181      519767.975589
     297056.681355      493270.658699
     299456.309208      523864.619693
     256664.107831      468012.367517
     317930.446209      493185.365502
     315929.044569      494586.431226
     313633.767779      521792.039036
     274405.727364      483114.224724
     267387.351422      503827.797909
     264365.421763      458952.441915
     256445.593600      492048.122709
     252327.463361      454732.115390
     303147.795878      496073.032298
     265649.656302      449751.904217
     267425.560060      450802.338910
     294827.797037      465932.513223
     269132.501193      474692.103492
     296931.296050      510879.650923
     252507.679645      478399.568464
     265318.051353      451296.265725
     239799.701017      491853.499538
     240804.744473      467920.627279
     265434.118699      449850.565755
     250868.410760      527191.041470
     279828.857912      481997.961296
     308995.052534      457206.799264
     266351.496283      450829.145218
     275363.039206      449622.736348
     293734.986804      489257.645036
     282394.555361      449605.196147
     243629.524965      471403.679144
     299605.941024      528210.643629
     287902.612918      500218.827607
     309433.420201      452311.852685
     286447.458613      521872.267151
     265222.086602      452699.182867
     276052.388239      506300.091167
     267871.449732      476661.193316
     265869.311551      461413.717786
     304383.607449      528951.482559
     280129.281629      465431.134470
     293719.546918      458226.598461
     235572.645030      499932.153029
     275516.010046      480848.573271
     262606.325945      518742.366209
     253265.178731      464097.282672
     241741.339828      496109.710842
     265569.259837      451918.281040
     257916.255297      514612.004227
     259122.383156      492328.474122
     268433.591215      529308.291240
     258511.141675      469826.302318
     290333.198988      505943.345932
     244751.299583      520455.528307
     294436.809618      510588.692786
     277403.704131      504285.333200
     267435.169517      449642.512490
     288448.853367      517696.397526
     262604.582818      450473.390431
     311816.946169      484384.919928
     256918.126819      488263.074532
     281394.341400      496335.057077
     303798.075467      509181.299763
     259530.504281      507741.129059
     309043.875598      509814.962611
     274344.511172      525231.426989
     296673.967854      454044.916549
     257799.787985      480181.761302
     262292.236619      451491.647574
     309786.857848      506139.444060
     307861.260936      494745.508335
     284550.047284      468148.173512
     258054.427056      490180.230393
     261917.336680      463858.259483
     243539.969941      451789.563521
     311219.902663      472629.694394
     269167.465236      491928.246523
     265842.258304      463713.243616
     242569.853704      475872.985355
     258458.931214      476191.091214
     288028.160083      497659.843054
     267846.776397      451774.909188
     267915.070142      451073.342625
     299505.287755      454136.045561
     240128.291543      494323.320362
     272766.733042      476501.702151
     266411.600958      453110.223346
     277035.135092      508562.040502
     250732.860683      495590.217971
     252846.316553      488852.815050
     266687.030731      453853.615759
     248092.000229      501610.449869
     304439.820096      511425.701545
     294253.713002      483108.513433
     310370.497000      530972.020000
     276000.976471      455549.426278
     295910.369058      474481.287813
     301881.331736      472828.040520
     306493.881865      515539.185186
     275282.650981      510572.198841
     260601.834242      529685.645843
     317870.600423      466163.167985
     298092.926477      521691.886925
     271442.048043      487333.285105
     299423.614527      465598.056764
     259194.985002      482515.803341
     261351.083256      451254.717470
     261432.576746      523335.631233
     286400.137535      459320.271350
     305747.980485      526577.693334
     313968.097616      498492.508600
     243997.854362      496600.303862
     254921.224034      494029.285082
     268775.730331      454265.068332
     311229.518642      511084.376978
     269949.552830      466045.372678
     265500.459438      449813.423910
     315682.472642      509592.824304
     273720.982667      474560.903754
     280741.959163      462706.765213
     291463.807773      479332.051622
     241966.048160      455892.522258
     268454.796646      452334.670806
     265289.754510      450538.138339
     294002.862203      476199.661904
     250088.730414      477119.405342
     262255.310619      507982.856255
     266934.339057      512850.245018
     292486.627854      460193.051939
     265545.946553      449934.101094
     264525.527868      449842.429815
     281561.824153      493677.393145
     256457.879981      482067.141862
     263985.161334      449871.577873
     293814.929450      508189.257273
     301168.204834      477421.999534
     244794.960643      524712.020566
     237638.432310      474499.005461
     317845.153949      458055.679997
     265713.099552      449775.981451
     277633.008469      496063.867028
     256975.307755      508319.823675
     257562.719253      462952.154656
     296638.444446      515114.800457
     264621.889577      449649.530207
     289269.813307      531409.732450
     306561.699084      480761.619866
     235546.481471      491811.764585
     302772.398833      475164.764419
     269197.487541      497114.955807
     266645.059390      483208.656797
     269197.807925      453071.751757
     263735.028644      450072.666396
     252241.065808      473280.015693
     311768.189324      467529.290017
     267881.018617      450479.714719
     290501.746370      529434.379566
     263387.476896      529419.832823
     286404.404661      524438.166849
     264121.833780      492208.138340
     284027.396274      483768.382194
     255865.894322      470324.734520
     265670.013333      450073.740667
     257668.076645      529325.651446
     257184.904845      454224.826083
     275957.229068      459666.222147
     289524.508529      487737.960014
     281414.540131      483862.824575
     265618.289284      449898.417378
     296401.841437      478812.025524
     257073.759370      522096.396600
     271312.939929      501813.025748
     242510.741594      487990.754574
     263801.330371      505831.530712
     248755.532098      490805.693439
     264154.057844      451383.980436
     265350.495828      450223.049062
     270609.025320      494947.069161
     290240.597270      513427.402938
     267417.407860      508412.485962
     277257.982144      491208.962701
     290124.863419      494210.650510
     241919.322681      458497.553885
     265360.365253      450972.032880
     250677.038700      531524.837750
     263261.132427      475891.226583
     287478.922597      509716.417146
     317954.157992      503615.953731
     265543.136439      451520.295346
     278370.420451      451435.638549
     258279.232733      500989.909078
     308051.845653      469253.875304
     277189.607414      488775.737144
     288613.655434      460155.593650
     250607.423405      459956.895247
     277224.353884      531445.658882
     265314.520651      485417.813631
     239772.260494      497243.129743
     308019.560283      454644.598542
     249008.323044      451648.952451
     245913.040462      469675.104762
     281058.699959      451563.191182
     302762.600171      468323.354198
     315848.130163      456063.150588
     288139.374682      529111.151171
     265186.286376      450760.173622
     292882.452076      499379.149764
     254611.207003      477046.464180
     252415.380791      509729.085321
     317861.588327      470324.437251
     269434.646045      520658.736711
     239087.785820      529189.227289
     286480.609065      479267.712620
     267195.415672      531475.570756
     244780.702312      515763.169264
     282608.688664      481783.414319
     262719.031865      452300.522338
     271138.972152      492591.478987
     273359.375099      455477.918507
     305604.071319      488659.943931
     262046.980717      450804.221884
     245505.829844      494609.279790
     243071.314202      513736.407618
     259602.125182      512343.327319
     264238.668228      450692.631668
     269215.555912      483210.672828
     309905.903355      459961.108678
     288099.174913      492646.183453
     264854.976259      508166.497314
     288119.140202      449590.916404
     311422.914330      465057.478066
     304453.540709      473151.015867
     268512.239543      451431.349596
     282161.116294      508714.277072
     265941.104010      450539.836561
     309321.931451      524314.876945
     255022.826666      461410.044774
     309395.692541      528689.482650
     309389.980761      519538.227982
     270506.382307      481113.840246
     249890.085802      506255.394566
     254450.405536      508846.143390
     262849.268283      450021.949413
     240638.286617      527036.000721
     279930.445542      458062.902058
     278229.946625      467373.164571
     264934.885587      496483.262342
     263478.221441      449652.383082
     265897.128309      453540.166949
     260120.920341      471616.626991
     274319.580547      450773.901831
     309517.411580      467189.917290
     273348.461865      452243.776331
     265154.677568      449875.739847
     290259.392401      473767.557303
     315785.557892      502824.345876
     251325.311842      469095.394076
     248277.217560      472129.449717
     260203.698575      494519.225658
     265792.461501      449801.747076
     288093.250499      485518.135330
     264108.558967      487656.820849
     274541.579532      522712.031325
     282206.985928      519282.450703
     303380.458010      521975.542511
     310933.853995      479404.519834
     297758.056281      491056.096732
     275097.178753      452247.061569
     300886.925812      526147.632918
     265496.568558      450011.855154
     247143.586671      514738.694185
     262801.606005      451002.754537
     306070.012660      521986.575973
     305428.734621      449547.737684
     265549.428973      450304.504641
     301895.945495      519853.987444
     300058.669285      479808.225773
     254254.000301      522851.017674
     284333.033825      520530.042668
     263417.351982      510255.192346
     280213.434106      500488.082342
     248645.698510      469597.855352
     262571.608949      459179.284794
     264757.015726      451058.518020
     290049.557192      496471.694532
     244533.066945      499081.368081
     288203.997802      469917.604748
     279088.314492      523447.958622
     248174.672898      507995.936347
     307828.891711      449541.750513
     262854.702124      514634.615497
     265797.556722      449907.769574
     282180.607824      531430.876466
     243987.511285      459281.301067
     249466.030848      518336.329480
     299511.987101      498400.774862
     247593.354539      478396.367234
     269305.911196      460694.890890
     292074.508544      469819.603412
     283904.219672      507009.501628
     310928.846545      455001.659392
     263968.517166      450437.155146
     288163.547134      474051.590401
     279613.014019      521443.387823
     279639.109409      508520.569527
     304261.004761      499809.690269
     287565.476060      526801.301965
     247196.041785      505745.190372
     272906.607904      495724.715993
     303041.318208      517860.822516
     317911.891660      485023.036709
     297563.923279      506616.760878
     298732.022079      477515.860726
     316920.497000      449772.020000
     262518.839876      521030.708773
     274289.425830      461560.602211
     248942.774824      503895.098792
     276963.985287      453328.820395
     239570.485031      510808.425474
     268827.236917      517907.895518
     237685.474405      506651.853016
     265550.189416      494184.396209
     235617.085217      513725.071810
     313480.400011      519135.871245
     261863.669420      473689.639713
     244482.653390      505736.454811
     240396.949783      477493.910795
     299332.570571      519648.218517
     267418.148128      450321.663640
     278851.230701      460486.535802
     248299.882225      527162.970974
     256324.723215      531507.993749
     265789.825592      450032.276304
     281435.315289      523812.412751
     266171.720007      449645.664165
     270519.469980      485277.643851
     272624.563753      509976.673575
     267310.611098      449934.623200
     298336.949279      484674.600663
     260767.061544      458204.031845
     264662.271640      450029.630759
     271998.320274      451845.367974
     309951.804943      490924.399730
     244910.792536      449698.699576
     266098.497286      451053.586524
     265111.038523      449648.310027
     267113.725050      449643.314332
     244216.182797      463446.905936
     279871.953815      473303.248413
     265614.528920      449647.054075
     290023.911519      511051.155854
     266832.602102      474082.659833
     235476.960160      470234.373668
     313327.505378      463279.616331
     283871.675933      513130.603556
     275721.602416      468229.059198
     276653.604306      526684.823483
     252406.866978      513695.597899
     282979.490194      527306.416717
     247878.386398      488288.016157
     270852.490063      451530.022878
     266225.952978      506023.187628
     243244.512998      526944.390287
     317924.337634      490498.036024
     264123.161509      450133.876177
     260326.962016      451443.161886
     265382.669658      450000.397928
     243378.482790      522553.265298
     315733.016666      520523.734192
     259312.009466      487726.531551
     282963.597470      510981.741715
     309607.421985      483644.091488
     241929.310903      463724.977554
     299098.335236      458683.975575
     264785.530468      519449.802156
     255773.316193      450942.455238
     244357.589821      474107.304077
     281130.332082      455745.665409
     244907.032609      467426.137170
     304583.526934      524189.741026
     265583.350120      450862.124539
     259274.238754      473956.144326
     250760.372684      502009.909463
     260783.968047      450469.516511
     265780.540430      450719.635290
     251729.004975      497954.765207
     305184.503424      454418.217374
     262972.558600      480776.343310
     255040.823614      506581.444361
     261237.402059      449657.972790
     283645.729211      497470.034881
     279525.324117      495042.771333
     258634.462207      455721.204909
     248737.860868      522513.071510
     242874.354639      485691.020097
     235486.395211      473162.731077
     243903.741812      508499.593222
     297854.759329      513033.854847
     235873.782853      457183.315483
     235538.969946      466378.929081
     265640.906785      449821.068167
     306135.844232      478007.552278
     283534.775881      529355.562612
     265465.910071      450531.833851
     286050.155349      491561.504455
     263015.042861      497156.123563
     256936.015779      498831.851247
     265234.913167      451698.989701
     294207.522890      514953.720240
     302458.042346      501254.389983
     313511.211338      480049.751425
     312822.414156      530626.514068
     286936.661154      502861.924085
     250895.601970      464504.810299
     280420.648124      510624.855139
     315928.550293      491905.405088
     288265.450757      453753.246200
     279113.663056      502399.712509
     265910.580076      449964.186137
     252287.952346      461922.219519
     265700.426262      450316.570432
     290545.525387      461382.623505
     267911.778733      485422.895585
     291269.256459      523778.101301
     279391.271653      492566.821033
     256107.948091      516014.338348
     293938.064948      524196.611022
     266804.255996      451528.232040
     305304.372669      475558.570061
     296824.551090      523681.420699
     258585.440906      450584.755586
     292133.858706      474868.617146
     265526.156992      449709.899612
     285170.597212      481454.705747
     310110.654036      449550.067251
     247308.111452      524775.573602
     265356.238513      514885.566496
     247945.509842      512411.564419
     270178.792468      453938.560606
     275875.286636      515770.706613
     290331.698616      463796.552603
     239720.497000      531422.020000
     265822.175889      449646.536098
     306999.305250      473634.794991
     283733.057258      490151.254950
     313794.312123      482646.824404
     263040.020559      453886.720019
     247622.750218      453921.126570
     305469.396624      531219.810042
     285785.425330      493897.745710
     247675.893114      449691.802046
     270579.627080      525157.438310
     245283.375476      484705.086498
     311541.219728      481831.449344
     250743.811257      511557.170221
     258806.958806      449664.035436
     280105.133467      475868.171261
     264355.035648      450383.085534
     287712.097831      464982.746617
     311811.147159      475260.818609
     311952.171266      492140.564004
     291636.687864      477261.757722
     295844.948167      525533.466525
     257574.255847      484070.455956
     294536.030726      468386.816130
     304489.545589      502548.565771
     303700.646565      463750.042977
     235555.216780      494522.948399
     256214.925194      452549.078974
     267107.049994      526972.878836
     266026.982909      450776.547438
     265594.904479      449773.442521
     301197.970906      505308.914788
     314280.573068      513937.800385
     311256.801089      518077.232236
     285364.469535      453636.239627
     315567.017807      478284.844664
     274704.032822      457488.897178
     292043.261155      510135.241980
     314138.897070      500928.939465
     267212.893860      519893.694530
     286778.675607      455651.320311
     255906.287122      496421.863510
     314370.065020      507550.137722
     257540.052900      494345.305737
     265585.018046      449712.455612
     278873.910304      525432.572717
     294491.800235      519497.277367
     281630.006761      498780.888289
     306675.506734      512728.413209
     313699.372693      511460.357869
     278575.223097      529642.238722
     257533.196727      503146.686016
     259499.050392      527815.322952
     262528.294160      471301.824732
     265410.104711      480913.943951
     264427.221373      450086.908054
     289126.267951      483383.740597
     264709.083198      527106.014410
     265547.598731      449770.439760
     264619.763160      450306.664908
     289984.104065      468590.755707
     262256.921253      457276.069996
     267358.586423      460023.677736
     273602.965326      506011.238132
     244525.997665      531532.052046
     262041.175465      499244.323267
     252912.800394      520641.523661
     264279.409523      449866.799304
     269114.542412      487616.993966
     266176.929616      449901.061716
     292151.721808      493266.954685
     254818.551200      454159.568001
     236321.285887      468458.114766
     245420.134621      501209.496113
     276582.534028      524263.778239
     237939.629047      523300.964854
     238268.065445      526011.487457
     246433.448927      497070.828949
     265404.416134      454038.403863
     246098.128790      510399.611406
     279502.341210      487982.531383
     266674.784928      450737.164145
     313721.441385      473762.029994
     317891.054708      476890.137480
     283710.476236      479474.801542
     272818.603259      450740.414595
     240218.046533      465410.459280
     301669.984493      482086.376475
     235635.039073      519297.315052
     275985.224235      484773.758717
     257663.370310      449666.888197
     288611.398365      522928.478039
     298669.511654      488776.364484
     265019.556706      450299.823457
     307424.877027      482843.024849
     313334.320785      516382.933922
     266958.484520      449871.149054
     282373.443398      469474.769654
     286601.139528      483445.722113
     294738.985860      487095.097222
     265918.877268      449646.294877
     239634.772426      454275.174670
     247515.147929      520115.660685
     242116.844079      498619.393094
     267932.055480      464824.090630
     261667.085053      492334.828901
     290034.435694      499185.687977
     292438.186184      451774.415155
     241620.497000      531522.020000
     288422.997170      490035.405898
     303517.460801      456648.759849
     311916.337385      489455.832317
     283723.870543      492539.828806
     260535.168934      480553.175242
     262443.191548      503551.252268
     268256.815379      467563.042028
     315892.568523      483717.197636
     246222.829193      451900.461627
     310077.681211      493696.334360
     270153.916289      456937.294934
     267788.955798      449641.629969
     241582.291118      511958.716192
     265226.876373      450350.851208
     251475.828493      522746.118521
     236098.173973      454328.547629
     300351.513607      475099.343852
     284352.749574      470913.209621
     310180.422297      513224.889188
     272438.385264      453751.591643
     269910.601379      451218.351881
     296839.860497      472287.519339
     262254.564564      461258.277553
     289288.395574      502042.918289
     268735.734442      469977.754500
     311566.198227      504323.151659
     258067.454541      452597.359674
     300094.257399      467971.890163
     248410.003128      464949.003730
     269116.877125      450924.484677
     254830.707279      466232.907110
     264241.075098      460557.215700
     272439.415667      523923.729154
     279792.695959      478300.913658
     295256.873057      512851.769329
     315531.586350      470193.990620
     258423.418795      510139.360147
     303039.876532      449553.696732
     258056.720436      526175.798812
     273462.915016      529389.312980
     265596.510845      449995.885628
     236545.491404      449772.006490
     265491.790394      449760.325587
     248839.981328      458117.373344
     273262.941003      518859.909257
     277453.906913      457957.195190
     278759.120479      484238.898108
     289076.102397      478779.655432
     303962.403294      515872.961205
     274605.015855      508325.742935
     264061.412793      452659.321116
     264763.818846      456697.639421
     253345.122626      502486.096870
     315660.562262      472453.236785
     307522.770209      497078.283361
     298132.821109      474857.576175
     265877.183795      450313.468836
     299525.307266      510971.993618
     246977.081797      462960.670151
     289634.206666      451707.011089
     265826.413777      455041.626376
     291566.788877      507873.583992
     285787.832602      496285.802179
     304556.227928      479661.987067
     251915.047429      518386.728440
     297328.240510      467563.142104
     290271.455876      491686.074795
     237790.356139      490413.836136
     265778.367701      451286.150046
     288074.057845      462622.005213
     300762.710620      449559.376930
     272171.496509      507898.497053
     308225.893074      526579.000383
     266324.445223      451649.558751
     317976.491772      513440.546314
     284638.661736      531423.545171
     239660.995820      520121.269584
     310742.140062      508366.963525
     235495.365377      475946.817523
     294372.118763      497104.654821
     278838.287186      527663.815948
     309678.707365      486052.418453
     271650.015685      478862.040211
     270699.687114      458927.210312
     283556.632931      495047.831512
     302820.906198      461279.636737
     296186.836611      489142.637388
     269302.876860      513229.726451
     282183.563235      477436.197209
     268463.628208      510764.947678
     306818.322761      503334.517662
     266055.614742      450014.858563
     259208.183268      505267.961525
     254967.056403      479711.556391
     271396.650193      516909.307604
     268445.002370      450675.955082
     303452.880091      488898.148905
     275653.124156      463685.607982
     299382.508514      472570.724338
     256084.774767      527310.820420
     252091.374512      529483.814253
     265738.362554      452909.284119
     258803.189870      517010.918031
     296814.772684      527620.012786
     270484.701025      476591.066709
     295073.874022      499705.848240
     237911.505563      458780.739204
     317986.975685      518052.439888
     286796.113002      451659.368183
     264719.575878      453843.617996
     253824.106384      491590.736659
     270980.306782      519190.662808
     260952.400170      501214.059060
     263810.496323      449651.554224
     253487.239437      504962.584979
     243006.282822      480811.254920
     275085.784141      492457.048321
     273037.984672      480964.870880
     266470.270545      450470.243443
     267620.279454      515374.876462
     288096.492067      506819.601483
     266849.035200      458229.102573
     317885.245203      473111.888313
     264122.424009      462642.165506
     238277.241941      467021.851400
     249794.576219      524860.834606
     264398.026855      449650.088631
     282114.892487      514879.370374
     235598.965121      508101.036256
     249783.321142      493180.606170
     243795.472276      489775.577020
     277812.897712      472125.233086
     309422.317196      474365.392874
     268166.776177      453282.689340
     269751.663694      531467.946931
     268639.122625      458470.750418
     265693.492157      449959.547269
     311781.988827      497490.937209
     263596.678288      450494.498597
     240356.421883      489367.914761
     302351.718710      454268.915458
     265150.474907      450017.570564
     265708.388382      449861.796053
     273410.742772      512142.817382
     301119.435804      470415.106455
     294491.306730      493777.274431
     265263.799891      449839.645200
     242073.561506      449705.776930
     245966.609173      507918.369773
     311810.080913      528535.631619
     245926.415066      472007.860232
     270876.208954      511472.922281
     291256.097222      501109.181929
     263588.372301      501437.647029
     265511.843008      449874.064491
     265802.968141      450981.454408
     242086.858114      504132.913176
     242068.204663      506729.850747
     297848.215115      529560.879858
     264045.960294      454429.949357
     298225.166720      496573.793946
     293593.039616      449577.261782
     286279.822480      513916.405474
     297899.590684      480332.753335
     245821.451778      527045.027825
     264857.195094      449965.497059
     247610.165739      485901.117172
     240437.106916      481941.881958
     282508.912566      457819.791632
     249887.530637      513818.360074
     307017.335243      524225.955878
     244878.114922      454241.665572
     282863.056283      485996.221486
     254248.137436      518211.959808
     280478.564952      486046.657531
     277885.069130      477141.167209
     315791.947622      480968.475335
     292618.979186      495446.619512
     301839.469826      458845.545105
     286939.721315      531416.681818
     274473.297118      527482.012075
     307363.682212      485281.595759
     305524.863227      507549.492432
     266947.314938      451031.413344
     247688.075552      480872.532981
     261936.297902      531491.256563
     253718.031548      515856.331362
     273192.670743      488443.345349
     300465.836935      517612.361161
     297278.097266      486870.570186
     255153.080856      513624.165180
     303164.795956      484289.518111
     245234.258753      487404.504444
     308803.556845      521982.327277
     261633.356466      487581.960654
     310720.701767      515807.776148
     283921.722443      451607.777669
     281949.746858      521548.916821
     265005.612211      450090.721267
     313939.528014      490646.030430
     280044.882904      470703.274974
     313950.449391      487960.285904
     268927.778905      450187.013537
     301080.801389      463436.051007
     267930.784613      480999.920761
     284609.374058      518095.237105
     303598.591511      477436.116664
     266747.300926      450360.841533
     281268.860210      512796.790513
     308099.953522      462020.030661
     276907.851190      461738.378503
     264396.055170      451023.795738
     264298.294340      478442.034149
     311357.531179      520827.218529
     249583.622392      455791.176046
     259131.823289      453946.443206
     260468.636073      454914.979141
     279771.343292      504714.742095
     273341.803337      472247.710013
     286544.016095      516560.418812
     316237.941816      467835.401841
     235719.816032      459849.805750
     259050.551422      451564.175517
     265970.770742      449740.419257
     248551.055068      510268.576093
     280294.492952      468182.666017
     239522.110652      472520.852313
     296800.999155      519569.310656
     263802.196879      523153.886866
     317936.497531      495847.189549
     245277.109282      476692.814062
     289203.312214      525106.343605
     275082.157914      489912.069984
     283615.573118      525009.010871
     246152.178845      522458.135738
     279700.393054      453601.997853
     242250.877819      524713.963272
     264671.186748      453062.285224
     246869.507067      474298.076674
     309601.773660      488571.111558
     237942.849025      487884.640935
     266268.733904      469008.082381
     247377.619966      467388.280525
     244220.346154      529212.212279
     317820.497000      454472.020000
     262530.633804      449654.746831
     309607.196801      498990.812500
     244063.610428      503209.698157
     260865.911740      476053.579163
     317991.747933      520151.751227
     255822.429455      510757.255821
     285878.150056      498628.840282
     262214.098727      450099.611802
     276392.527095      478702.855087
     266212.740897      450566.240782
     240628.555870      522352.064055
     250059.339884      482101.831416
     255764.014659      458801.399438
     303353.843119      526410.120965
     256430.103431      456277.069417
     300668.544125      502883.074588
     291364.400899      503624.197380
     268200.653642      449640.603004
     267748.333715      462286.006775
     317982.008050      515867.163023
     267751.738751      450013.921009
     265892.415842      449832.286960
     301281.957421      488729.294844
     298441.730840      463109.675850
     265569.390947      449834.298703
     237901.909996      517999.108226
     266556.046947      452063.849016
     277042.329143      521946.679006
     302089.073433      528554.450772
     265584.793667      450437.955413
     292649.696570      528832.022018
     250465.275277      508766.637992
     312238.079219      513747.808442
     286814.061196      472142.578082
     307333.828420      505619.563157
     240561.780845      451840.799866
     307254.807082      459424.665790
     303823.259876      493515.804602
     267903.320618      455415.741611
     257628.420023      460521.774441
     313923.376996      493337.552576
     252516.954821      486086.395170
     283913.672277      459801.222075
     277807.751818      469684.049761
     262084.209114      527564.359494
     270136.320766      522801.102133
     266111.221238      451354.581704
     235612.546473      463542.679623
     242363.224698      461278.943591
     265670.497000      449647.020000
     316368.337657      475031.886845
     275343.652362      499967.644376
     268221.502816      499548.864699
     296489.471524      531388.199320
     265020.573286      449915.274689
     263064.774042      449653.414422
     311487.520140      457985.444877
     261847.142167      452151.164015
     263707.466850      451526.689742
     309798.130943      496338.281281
     264732.771060      449817.843106
     315952.834217      486464.524283
     250169.311912      486898.744251
     308363.741863      478829.121765
     317899.431024      479541.449320
     267172.349413      451967.219418
     292328.979765      467317.130995
     266104.474555      449756.708492
     249844.903879      467078.626222
     304921.854671      505169.888612
     300735.343819      456474.050916
     248096.906246      495082.975215
     308892.682561      464564.043306
     282746.578812      464506.597779
     291078.240643      453873.750131
     264998.656377      503588.080400
     259793.034533      450539.893157
     309157.890109      481129.370434
     293424.210488      501805.414820
     306865.738243      528868.254295
     253227.301440      459429.618938
     271078.437489      449633.424345
     260179.738080      459977.333631
     308514.611411      501248.731227
     317959.147437      505810.903881
     242896.923519      483255.614118
     269359.493957      449637.712267
     265909.838301      450123.761781
     267239.367088      456816.477178
     275494.643363      476250.692018
     307890.400066      531118.656019
     265621.284477      450189.730631
     237898.287977      485267.492255
     265512.944264      476124.710396
     264808.604645      451864.804852
     276280.088372      451074.643982
     299758.166726      492614.813793
     316068.514650      499968.716707
     265865.186332      451649.776625
     245461.245840      518364.879316
     243017.154068      478277.061768
     298900.412270      504673.459859
     313048.163236      502679.811019
     289648.887265      471477.695866
     265774.216539      449714.473073
     235537.887389      489144.343433
     307391.863169      490206.670095
     271195.626822      452950.691956
     282012.453609      474531.521040
     274948.600818      520484.319906
     294085.088085      503887.141268
     265019.985177      454752.349607
     269485.348024      455366.059135
     288130.674551      457683.917331
     258420.742004      496644.390103
     317942.547996      498508.453491
     307972.903667      507878.166824
     264979.140411      451402.154681
     263555.688786      452175.269441
     266034.848843      449646.005586
     288577.408716      520342.322220
     263176.330134      525347.903381
     275252.428897      487179.603540
     288659.977768      504398.491088
     242228.613247      520295.706764
     263736.374513      468132.966844
     247674.955024      483388.962462
     284141.631243      522911.970473
     237867.308720      477226.076811
     265703.034982      449703.478043
     251443.956480      491253.006613
     265173.308067      450180.383467
     259560.863197      498915.139594
     271242.481350      455213.371458
     239750.495366      508004.377466
     290139.575797      527308.491831
     250568.166767      471527.502237
     315385.679040      461672.697910
     315973.601385      512261.048767
     283388.262175      504916.682343
     317918.153116      487777.461103
     290587.577345      485482.105888
     294131.989936      526962.582376
     247176.263023      517292.000530
     292085.796013      514826.921623
     242018.610996      515743.036155
     274673.397348      465820.742117
     308481.950812      517282.292711
     258067.796596      519807.906493
     295427.730988      521824.011562
     281386.233635      460245.325365
     254937.309818      484574.420113
     297891.133912      517426.489369
     249627.508727      462433.424045
     268714.069835      449639.322291
     317864.947524      463459.115690
     271783.531991      514123.481301
     253963.467090      456802.024775
     310780.127250      462454.240646
     250267.825296      520553.802463
     242270.157940      453699.818619
     235589.986091      505314.301688
     257236.018606      505872.345200
     237362.942653      471717.830983
     285949.922974      461479.061001
     254553.318460      525376.834393
     249052.060122      497459.066426
     295201.452684      456172.779956
     277475.696760      519669.293723
     281312.163611      506422.244353
     290178.217429      481218.764493
     281838.000442      488474.824547
     261671.119103      466543.365101
     296843.481229      482668.674378
     314336.035887      504816.387686
     249956.853395      499758.729794
     266670.666672      471655.364817
     290757.745270      458421.711033
     266256.305535      450066.360982
     292644.314309      512483.042253
     255389.293544      520475.960739
     283305.920397      462140.292606
     302471.436690      486562.806250
     307512.552947      487545.604225
     313140.860054      471211.877686
     264546.589581      499253.032187
     299099.877384      515344.425458
     252311.960335      524973.810255
     268557.876931      456720.409874
     313383.225320      456648.017454
     315709.063153      464495.719339
     297036.216165      465146.129167
     277213.607976      465584.258025
     251387.466245      504384.980933
     269989.940413      508793.797573
     263399.178431      451005.416995
     317905.635485      482271.069911
     265283.204700      449745.066772
     264601.688000      450666.443560
     255527.992949      501076.588112
     307758.675397      476188.390139
     316110.486188      506486.519693
     237995.308045      479955.805561
     261369.002481      505741.898550
     265750.787646      450487.768811
     266606.502864      487655.267925
     312346.404410      506511.894872
     301575.435757      493991.869792
     295258.694605      480863.765000
     259731.546478      452627.471842
     261968.253345      478320.725327
     310714.932476      501771.103188
     240741.240167      518110.980643
     259848.929066      462316.310510
     240050.251644      499952.311757
     276194.374409      529174.745180
     269233.865193      451889.754182
     266586.512937      498400.976744
     315977.786541      497257.062647
     277616.171128      514696.018883
     254991.699906      472633.100397
     244280.561538      456769.081817
     242076.819598      491572.704407
     300715.651484      521863.378079
     266571.248512      455797.579250
     307075.797660      466670.037339
     265431.774151      449780.901460
     239778.095839      462666.917642
     237732.021764      498586.621724
     287786.206404      481190.708678
     291662.662703      483245.585231
     300298.675837      513229.412293
     295290.472156      491454.052840
     270142.149162      449635.759941
     282422.745842      466834.749432
     247927.862330      476136.297299
     239938.092706      460125.920949
     268017.448729      489814.545729
     265741.257400      449646.737949
     292395.695537      519768.346275
     257248.349462      512446.238429
     275518.393288      471008.664370
     305541.500798      495354.605213
     294912.081258      460694.041008
     265431.351846      450102.044315
     285282.451322      449597.992513
     285108.954466      465967.033833
     271373.355746      473924.808944
     267243.007700      496087.046543
     274291.086238      514146.003051
     262101.832791      453154.766824
     301029.223550      451970.150585
     317996.744589      522349.827420
     264354.828601      455491.202673
     235608.125355      510944.102033
     315157.290023      458880.130032
     264812.491958      449649.054751
     296648.377166      498022.480638
     270931.119717      506124.677782
     245324.897362      479451.534710
     266732.401773      492088.290849
     265602.917605      450632.887265
     260009.479959      503191.022180
     243791.617200      511073.381224
     317970.563735      510832.925044
     265942.660255      529278.884771
     265073.261704      450524.476927
     264618.012431      531483.258150
     281039.733936      528995.325035
     265947.927983      456859.211913
     253587.068259      511646.471043
     279874.037053      531437.755998
     259054.547135      531499.851258
     261545.698516      450312.190290
     237890.823143      455921.852845
     270673.637725      489792.643073
     260870.907730      510024.791916
     306428.523159      510003.470056
     314503.722425      528379.219605
     235652.792023      524807.323405
     254905.243594      529478.330351
     239259.526607      449712.796529
     304556.461975      459098.077097
     284326.338741      502862.956488
     300865.405945      530581.783259
     315875.990437      526177.737289
     274084.228274      478567.615207
     304545.823223      519886.024528
     246683.114586      529491.316607
     277147.269292      482503.142764
     265764.480997      450175.567020
     235512.525294      481272.735596
     278842.357984      512657.018025
     246377.014339      503589.925753
     259629.516054      464846.311998
     292976.531887      462658.353221
     240152.453120      502547.949743
     266597.134576      449644.602965
     245259.913605      461201.567722
     269198.264467      478843.999576
     290898.568284      449583.983228
     292940.190855      491350.895492
     261913.517379      455752.232294
     235504.032357      478636.762177
     265204.634663      452165.627962
     266364.938375      517456.781272
     292846.791765      517284.249604
     282476.360273      453592.767421
     257387.056985      451111.280501
     298942.803504      494652.629035
     264431.174907      473399.383035
     260622.714605      525599.652486
     278511.526680      455705.785799
     289655.792062      476202.483157
     253174.136144      470914.163779
     270531.969721      450438.152632
     297971.957828      456324.244826
     239868.998880      457201.682357
     273190.197816      459365.043541
     260887.150900      496733.291393
     293157.085168      485238.814409
     265089.283228      451045.466156
     239595.949016      516135.818131
     293956.652381      478616.709233
     277334.265128      449617.819315
     274488.107036      453866.133138
     276551.482353      502040.748163
     296299.718003      476770.503115
     277848.448759      510635.632058
     259471.865115      478349.365772
     263074.229513      451612.490474
     243221.478606      517970.009087
     256402.356727      449670.033857
     306113.745894      492846.709200
     281170.973735      479956.461136
     268787.370716      501787.647382
     304815.785866      513807.702627
     297679.985608      500079.049883
     270869.027864      468467.895369
     313976.352911      466121.349176
     250244.874168      453579.611733
     285001.207004      477465.255176
     277208.292168      493679.029597
     272832.811096      490964.890767
     266825.945062      449644.032199
     266656.394086      449838.643914
     237620.511268      509461.347063
     282627.233389      517046.207137
     268268.712092      524800.142232
     302878.576729      503999.508831
     269788.286760      515552.174061
     306275.594298      456884.370745
     261233.908504      469142.266269
     305777.814988      517752.302824
     271566.938894      450574.941088
     266450.659727      449739.671926
     298580.841150      508913.974342
     281573.873232      491132.104449
     276586.467967      497887.128138
     298398.302642      525901.343368
     253507.409985      531516.395648
     237715.640730      493164.454621
     265354.712636      449805.547016
     305420.552893      483818.429592
     266039.467010      454296.825508
     271994.576846      465685.292076
     299324.907013      482361.493629
     273356.392125      469802.542478
     263341.032270      450028.892972
     271026.650766      529183.472516
     302869.750151      531328.311046
     254422.831510      498551.913793
     277913.126480      499982.206727
     306241.426347      471182.140894
     265326.108998      449647.773538
     256802.337316      477840.611021
     313697.753658      524316.246827
     273201.591129      467652.394649
     305473.591733      461596.155153
     286547.092504      519290.499917
     250022.582503      479559.666468
     249782.878323      474287.366671
     289545.336149      508686.531328
     312791.431066      460462.698440
     267045.804720      450574.960850
     271692.076362      461403.384137
     295882.323396      501921.791317
     310827.349563      526163.407258
     271132.516308      471111.156941
     317964.930898      508355.015075
     311409.697038      523359.244588
     265179.313704      449759.997527
     265944.163146      466453.717473
     260320.172514      514624.378828
     300250.971284      500473.753684
     317948.632460      501185.342646
     304110.903087      481900.212255
     315892.418602      452427.608785
     237187.511133      528064.312343
     235770.497000      526122.020000
     257338.085353      465600.215221
     281564.163709      503520.163726
     252872.361910      449678.839372
     290417.028652      516260.371599
     266648.634380      478712.491701
     290616.086824      521450.074988
     265292.894591      450088.177001
     258921.353168      523789.192952
     266743.904892      450060.644696
     237488.074392      461616.865072
     269664.532822      450305.515757
     265297.583126      453323.928673
     263995.404805      516866.191863
     285972.997083      505100.051241
     281056.495954      526236.418554
     249158.471513      515986.527392
     302052.559897      524058.667863
     254115.779177      451796.625304
     267565.247185      522511.735043
     279861.522752      519308.758319
     237741.569293      452186.692782
     265556.377096      451126.283828
     280425.509616      517137.391733
     250579.127555      449684.559574
     303656.628139      470756.109262
     260807.646206      453531.720956
     255239.840289      489764.688924
     315883.213998      515226.037933
     240259.837578      486737.357807
     241745.373084      529232.560396
     306299.639734      464130.569561
     258407.176366      457986.187445
     264230.128489      451958.276073
     295224.390755      451849.755639
     277769.269315      474764.653977
     317987.930555      524982.963533
     265405.924329      457946.917753
     292120.757773      487411.188679
     266072.887352      450183.698389
     284723.788590      509384.902972
     293094.891733      521990.776466
     311924.300696      499971.489930
     239885.815839      505312.476092
     235581.292142      502615.799669
     294140.599376      473388.919833
     266178.167039      452522.898726
     299138.378873      531380.298648
     301293.481090      508911.291032
     266017.197300      449863.785524
     253371.493898      496104.122390
     265554.468431      450092.249723
     302383.703760      491406.882165
     274240.963636      497664.454084
     304947.012526      486365.155838
     302318.048747      479748.518644
     283761.335389      499963.865713
     310121.793039      477008.197417
     279510.928175      490133.742553
     284348.946472      487785.900612
     304826.282215      491017.976178
     265636.743297      452372.275841
     265373.107662      449730.294929
     235626.283430      516579.848970
     302949.396914      506844.457040
     291103.257220      489575.702540
     269076.608533      472420.398663
     250435.067979      489077.562948
     260336.761167      456561.064222
     301563.493115      515557.199593
     237830.077515      501264.014741
     277738.313771      486362.879359
     300807.484941      484467.991017
     265357.999865      449897.214122
     312720.775673      477745.682018
     261591.673107      483053.904425
     265425.928390      455805.476149
     297428.346791      460909.423468
     244667.359723      492169.658903
     265266.044634      449956.095848
     312942.914079      509248.192249
     315941.902567      489199.023407
     271559.872241      497503.541199
     304900.431969      497700.095319
     303903.742005      452013.150765
     266239.163593      501279.625353
     272982.055036      463640.808334
     272197.502437      449630.632897
     295369.318585      517242.951192
     266859.843041      452587.023600
     275315.573981      495275.384177
     251390.790496      516105.091958
     278262.069092      480163.517610
     247869.925421      531533.210375
     293832.902238      454017.948026
     301961.728665      465895.257903
     252328.956027      466625.028202
     265640.893718      449697.530118
     273306.534465      485543.910638
     265797.366806      524598.223008
     237634.750551      520775.163131
     264454.814034      512558.387503
     263895.227864      450932.819306
     285520.530690      485687.851704
     252042.393381      475848.014105
     247253.564003      499346.572606
     311944.889281      494887.332538
     261919.715046      454354.944341
     275595.491982      518065.825502
     315616.221211      517776.243780
     266495.528374      450159.844415
     264974.494336      449648.650640
     266069.157117      450375.315096
     267048.779809      450182.286458
     264578.326304      451474.499597
     235521.031956      483912.952152
     257297.680176      486079.941413
     310760.449513      469867.370637
     298529.592882      449564.947654
     296127.083896      508610.380223
     260515.310219      490026.826513
     291879.496456      497603.943195
     265413.045590      449647.556672
     257506.501395      472307.246438
     307033.160558      499110.358339
     254188.566436      474783.775740
     265956.024641      510483.998758
     286060.406912      489458.868925
     264134.276794      449650.746553
     271909.673653      483289.584652
     272853.693150      499699.242425
     306156.643483      501058.134362
     241709.531968      509406.365350
     237822.950669      503902.226154
     240384.015561      484312.956759
     308215.841129      492333.549022
     264690.913807      452396.576766
     273867.004281      501932.682086
     240631.368100      479690.400646
     267239.373606      453267.664039
     300154.496367      461013.959429
     279791.961356      514999.736042
     256578.499126      474890.595319
     308461.843868      514639.251633
     278489.664212      463424.141526
     263217.715169      452956.344240
     302637.917376      513423.996364
     253985.739038      468585.856001
     266006.555953      452040.929616
     305403.433555      468731.955152
     282102.206909      472051.501808
     237940.702143      482650.264916
     304527.850334      466246.604275
     265493.747666      450198.083053
     251494.789824      457417.027444
     294008.235436      531395.599849
     286163.465034      507604.433959
     285655.557743      511476.000938
     295565.297003      463173.095557
     260021.397831      485222.966728
     275750.047234      473512.597598
     254692.182430      449674.299893
     279316.319678      497878.600635
     314363.034877      476152.439771
     295796.617381      484920.442663
     298084.844428      451885.334925
     267351.492318      451354.979124
     260509.744183      449659.787934
     294379.046171      471011.403402
     312045.601927      451844.012749
     300233.627974      490586.289253
     263418.108839      456264.560983
     254763.109199      487090.358413
     241153.161846      470612.674158
     296164.599792      449570.847102
     246230.733190      490062.170640
     252717.842272      500250.334202
     265352.018632      521732.167734
     285840.887876      529043.433815
     300821.458211      496357.777070
     262931.229188      489939.872623
     302165.705500      498541.344224
     245340.611511      482096.702745
     292764.619608      505755.423448
     316420.497000      449647.020000
     268356.640162      494181.655792
     263905.867175      465324.082719
     252373.266590      493698.774593
     261901.312163      449656.316686
     252369.258383      507082.697474
     298339.238393      502298.651787
     313207.194082      526409.207186
     276201.490839      512766.943442
     313504.648894      449600.724822
     237626.397335      515076.602591
     285710.200581      501013.583418
     266841.000942      454815.624702
     265414.732025      450369.927724
     255506.734066      503823.984527
     267627.118623      452529.565829
     261962.452264      512372.710232
     264829.895392      450187.517662
     266421.639049      449927.984274
     259840.729238      521509.000520
     317859.805291      460999.257373
     292337.835126      456188.115654
     283854.235685      455577.637355
     273194.513033      493601.523347
     266278.720735      450287.819390
     265454.346983      449931.405105
     296553.993031      504198.319766
     250025.411866      484599.342510
     252325.408014      483577.545872
     265418.625526      450726.021589
     254251.287504      482162.545511
     235644.144379      522123.425009
     270414.164101      499579.538956
     287421.938634      476833.205312
     288421.077058      514947.595313
     287108.242730      487612.692150
     263807.925005      457669.834607
     252325.527549      480815.733833
     251935.235286      451830.535578
     286157.231964      469612.908158
     264104.470402      483150.993609
     269560.783917      527201.259077
     283808.649072      475674.203174
     272232.940080      531460.546098
     284379.970278      473219.360006
     313908.377997      485328.420664
     270099.712466      452431.359124
     268644.096983      506312.659287
     265444.845710      489933.301076
     311800.184112      486953.403322
     259706.166014      449661.792423
     295182.867062      506197.426491
     266268.600046      449782.289853
     273519.586695      449627.334985
     245423.076122      513024.230255
     240015.236276      524579.877116
     270222.084812      463426.109155
     308824.824982      471732.256142
     313691.682610      454025.179120
     286068.714475      474876.969854
     265452.160708      449713.633326
     292069.613112      472171.495825
     292866.951442      481092.003996
     256619.295248      518196.407734
     243136.117399      468920.575152
     285411.305795      463714.035362
     274962.587942      504006.595965
     238737.845887      469672.673072
     263149.880633      450478.991252
     285182.638450      457472.729821
     242889.641392      493997.472200
     249391.268298      529388.972030
     256468.660544      524392.070355
     291984.748453      526047.192300
     278052.425203      517230.800256
     317920.497000      528122.020000
     268295.775732      450090.454113
     299896.329494      486683.346853
     272358.584850      503989.404575
     290535.522785      518719.476762
     287894.913356      495136.448566
     265491.637581      449647.360625
     242902.597243      466055.347407
     279618.839494      449612.120467
     285268.195147      526758.741738
     265558.412823      449647.194054
     237771.981809      464477.673340
     264517.669434      470640.782392
     265768.468572      459509.129409
     240055.572862      513708.266569
     288001.450767      512245.073981
     266324.572963      449645.282867
     313623.464500      468765.636974
     274798.742111      531452.893668
     235529.518770      486547.005666
     306692.846062      452100.751232
     235563.846424      497201.250087
     295117.673772      529278.853407
     247937.854823      460564.095839
     315820.497000      530022.020000
     239973.952783      475155.677879
     262873.919960      494623.970965
     272127.165146      457127.930171
     287418.275666      467396.249806
     292555.834501      464959.683344
     246862.612495      456212.068423
     260972.868146      452344.769365
     315851.768489      523333.536853
     241896.654703      473301.989103
     263957.194364      453469.392037
     263122.884615      455027.091237
     309174.822886      503740.429033
     289965.616504      466194.009026
     265862.442726      449726.726036
     255488.574030      463801.920849
     267640.313420      454197.645937
     313923.164641      495989.586580
     296109.761314      495454.086787
     262705.332313      485358.677960
     237758.629326      512371.589914
     296411.473989      458494.952498
     265057.635097      449775.735948
     296427.120738      469839.913514
     300046.172797      507066.242178
